Data,Ultimo
2022-08-19,"84.655,69"
2022-08-18,"85.365,08"
2022-08-17,"86.100,54"
2022-08-16,"84.780,95"
2022-08-15,"84.886,43"
2022-08-12,"84.029,98"
2022-08-11,"82.702,06"
2022-08-10,"84.074,63"
2022-08-09,"83.700,07"
2022-08-08,"84.205,53"
2022-08-05,"83.770,98"
2022-08-04,"83.610,33"
2022-08-03,"81.514,25"
2022-08-02,"81.567,42"
2022-08-01,"81.427,93"
2022-07-29,"81.253,39"
2022-07-28,"81.185,78"
2022-07-27,"80.749,13"
2022-07-26,"79.637,59"
2022-07-25,"80.031,12"
2022-07-22,"79.163,24"
2022-07-21,"78.738,58"
2022-07-20,"78.590,17"
2022-07-19,"77.876,36"
2022-07-18,"77.354,97"
2022-07-15,"77.786,43"
2022-07-14,"77.816,94"
2022-07-13,"77.744,69"
2022-07-12,"78.015,96"
2022-07-11,"77.815,79"
2022-07-08,"78.665,60"
2022-07-07,"78.435,18"
2022-07-06,"77.153,85"
2022-07-05,"76.939,04"
2022-07-04,"77.640,33"
2022-07-01,"78.919,17"
2022-06-30,"78.786,86"
2022-06-29,"79.718,84"
2022-06-28,"80.455,54"
2022-06-27,"79.650,29"
2022-06-24,"78.821,18"
2022-06-23,"79.117,40"
2022-06-22,"79.995,80"
2022-06-21,"79.830,79"
2022-06-20,"80.349,50"
2022-06-17,"80.519,03"
2022-06-15,"80.424,91"
2022-06-14,"78.434,16"
2022-06-13,"78.199,06"
2022-06-10,"78.922,18"
2022-06-09,"80.642,26"
2022-06-08,"81.290,25"
2022-06-07,"81.525,91"
2022-06-06,"81.729,87"
2022-06-03,"82.629,31"
2022-06-02,"83.538,20"
2022-06-01,"82.754,14"
2022-05-31,"82.865,39"
2022-05-30,"82.307,80"
2022-05-27,"83.319,65"
2022-05-26,"84.114,20"
2022-05-25,"85.235,56"
2022-05-24,"85.265,44"
2022-05-23,"84.333,69"
2022-05-20,"83.786,28"
2022-05-19,"83.327,36"
2022-05-18,"82.339,83"
2022-05-17,"83.301,36"
2022-05-16,"81.772,46"
2022-05-13,"81.141,17"
2022-05-12,"80.612,71"
2022-05-11,"80.132,68"
2022-05-10,"80.961,49"
2022-05-09,"80.812,42"
2022-05-06,"80.786,69"
2022-05-05,"81.527,22"
2022-05-04,"83.315,69"
2022-05-03,"81.998,80"
2022-05-02,"82.029,00"
2022-04-29,"83.185,41"
2022-04-28,"84.792,18"
2022-04-27,"84.492,69"
2022-04-26,"83.818,67"
2022-04-25,"83.966,37"
2022-04-22,"82.828,69"
2022-04-20,"84.058,62"
2022-04-19,"83.914,68"
2022-04-18,"85.299,02"
2022-04-14,"85.814,15"
2022-04-13,"85.522,07"
2022-04-12,"85.300,11"
2022-04-11,"85.099,28"
2022-04-08,"85.700,69"
2022-04-07,"84.852,82"
2022-04-06,"84.829,75"
2022-04-05,"84.878,28"
2022-04-04,"86.051,98"
2022-04-01,"86.516,05"
2022-03-31,"85.040,32"
2022-03-30,"84.843,13"
2022-03-29,"85.739,17"
2022-03-28,"84.824,48"
2022-03-25,"85.075,42"
2022-03-24,"84.775,47"
2022-03-23,"82.943,71"
2022-03-22,"82.759,91"
2022-03-21,"81.335,59"
2022-03-18,"80.868,28"
2022-03-17,"78.870,64"
2022-03-16,"77.109,90"
2022-03-15,"76.772,98"
2022-03-14,"76.743,77"
2022-03-11,"77.048,11"
2022-03-10,"77.851,89"
2022-03-09,"78.156,04"
2022-03-08,"76.096,42"
2022-03-07,"75.869,86"
2022-03-04,"77.622,07"
2022-03-03,"78.353,35"
2022-03-02,"78.137,77"
2022-02-25,"78.061,42"
2022-02-24,"77.891,40"
2022-02-23,"78.311,49"
2022-02-22,"77.662,01"
2022-02-21,"76.717,23"
2022-02-18,"77.266,23"
2022-02-17,"77.582,65"
2022-02-16,"77.652,50"
2022-02-15,"77.496,30"
2022-02-14,"76.574,16"
2022-02-11,"76.521,94"
2022-02-10,"77.070,92"
2022-02-09,"76.803,00"
2022-02-08,"76.170,14"
2022-02-07,"76.387,66"
2022-02-04,"77.264,20"
2022-02-03,"78.003,05"
2022-02-02,"77.340,96"
2022-02-01,"77.984,98"
2022-01-31,"78.324,28"
2022-01-28,"77.238,35"
2022-01-27,"76.781,08"
2022-01-26,"76.239,26"
2022-01-25,"76.461,12"
2022-01-24,"75.280,49"
2022-01-21,"76.093,33"
2022-01-20,"76.121,23"
2022-01-19,"75.333,69"
2022-01-18,"74.167,06"
2022-01-17,"74.213,35"
2022-01-14,"74.361,05"
2022-01-13,"73.836,02"
2022-01-12,"74.160,20"
2022-01-11,"72.554,07"
2022-01-10,"71.566,42"
2022-01-07,"71.742,54"
2022-01-06,"71.949,66"
2022-01-05,"72.728,64"
2022-01-04,"73.956,67"
2022-01-03,"74.690,50"
2021-12-30,"76.305,03"
2021-12-29,"75.848,76"
2021-12-28,"76.493,33"
2021-12-27,"76.119,11"
2021-12-23,"75.900,47"
2021-12-22,"76.340,97"
2021-12-21,"76.158,29"
2021-12-20,"76.144,48"
2021-12-17,"77.031,56"
2021-12-16,"76.402,38"
2021-12-15,"77.471,56"
2021-12-14,"77.164,11"
2021-12-13,"78.128,33"
2021-12-10,"77.999,16"
2021-12-09,"77.660,60"
2021-12-08,"78.435,31"
2021-12-07,"77.758,85"
2021-12-06,"78.159,95"
2021-12-03,"78.232,76"
2021-12-02,"77.047,16"
2021-12-01,"75.084,29"
2021-11-30,"75.885,32"
2021-11-29,"76.624,10"
2021-11-26,"75.819,95"
2021-11-25,"77.100,18"
2021-11-24,"75.963,43"
2021-11-23,"75.569,02"
2021-11-22,"74.738,33"
2021-11-19,"75.739,24"
2021-11-18,"74.936,44"
2021-11-17,"74.705,22"
2021-11-16,"76.276,46"
2021-11-12,"77.504,23"
2021-11-11,"78.545,92"
2021-11-10,"77.714,82"
2021-11-09,"76.322,43"
2021-11-08,"75.333,38"
2021-11-05,"75.628,62"
2021-11-04,"75.032,92"
2021-11-03,"76.835,15"
2021-11-01,"75.261,95"
2021-10-29,"74.371,37"
2021-10-28,"75.034,71"
2021-10-27,"76.264,88"
2021-10-26,"75.315,97"
2021-10-25,"76.309,28"
2021-10-22,"74.861,94"
2021-10-21,"76.452,97"
2021-10-20,"78.605,04"
2021-10-19,"78.443,95"
2021-10-18,"80.439,40"
2021-10-15,"79.683,66"
2021-10-14,"79.545,23"
2021-10-13,"79.594,98"
2021-10-11,"78.501,59"
2021-10-08,"77.992,78"
2021-10-07,"76.401,41"
2021-10-06,"76.192,01"
2021-10-05,"76.626,70"
2021-10-04,"77.514,24"
2021-10-01,"78.892,19"
2021-09-30,"78.295,96"
2021-09-29,"78.922,55"
2021-09-28,"78.845,50"
2021-09-27,"79.902,23"
2021-09-24,"80.060,46"
2021-09-23,"80.284,84"
2021-09-22,"80.362,56"
2021-09-21,"80.175,43"
2021-09-20,"79.041,88"
2021-09-17,"79.775,16"
2021-09-16,"79.995,96"
2021-09-15,"80.289,40"
2021-09-14,"81.208,21"
2021-09-13,"80.832,62"
2021-09-10,"79.634,88"
2021-09-09,"79.816,49"
2021-09-08,"78.157,77"
2021-09-06,"80.641,09"
2021-09-03,"79.980,68"
2021-09-02,"80.513,15"
2021-09-01,"81.891,92"
2021-08-31,"79.946,19"
2021-08-30,"80.027,95"
2021-08-27,"80.588,43"
2021-08-26,"80.171,58"
2021-08-25,"81.190,48"
2021-08-24,"80.926,44"
2021-08-23,"79.318,89"
2021-08-20,"80.265,88"
2021-08-19,"78.499,98"
2021-08-18,"76.567,23"
2021-08-17,"77.062,01"
2021-08-16,"77.479,00"
2021-08-13,"78.002,98"
2021-08-12,"76.954,54"
2021-08-11,"77.542,67"
2021-08-10,"77.491,83"
2021-08-09,"78.730,20"
2021-08-06,"78.404,69"
2021-08-05,"77.835,14"
2021-08-04,"78.751,21"
2021-08-03,"79.110,59"
2021-08-02,"79.011,33"
2021-07-30,"78.147,84"
2021-07-29,"79.949,95"
2021-07-28,"80.327,08"
2021-07-27,"79.962,49"
2021-07-26,"79.815,74"
2021-07-23,"80.336,82"
2021-07-22,"81.384,99"
2021-07-21,"80.838,22"
2021-07-20,"80.677,94"
2021-07-19,"80.555,27"
2021-07-16,"81.159,03"
2021-07-15,"81.178,98"
2021-07-14,"81.352,36"
2021-07-13,"80.719,77"
2021-07-12,"80.796,36"
2021-07-08,"79.820,25"
2021-07-07,"80.525,28"
2021-07-06,"79.880,81"
2021-07-05,"80.504,77"
2021-07-02,"80.485,38"
2021-07-01,"79.754,79"
2021-06-30,"80.452,18"
2021-06-29,"81.000,21"
2021-06-28,"81.646,01"
2021-06-25,"81.849,59"
2021-06-24,"83.000,76"
2021-06-23,"82.810,30"
2021-06-22,"83.286,24"
2021-06-21,"83.979,05"
2021-06-18,"84.007,25"
2021-06-17,"83.559,75"
2021-06-16,"83.880,22"
2021-06-15,"84.669,77"
2021-06-14,"84.866,61"
2021-06-11,"83.646,90"
2021-06-10,"84.503,67"
2021-06-09,"83.757,48"
2021-06-08,"84.530,91"
2021-06-07,"85.292,62"
2021-06-04,"84.740,13"
2021-06-02,"84.448,39"
2021-06-01,"84.329,13"
2021-05-31,"83.618,99"
2021-05-28,"83.585,43"
2021-05-27,"83.799,50"
2021-05-26,"83.846,19"
2021-05-25,"84.065,52"
2021-05-24,"83.850,29"
2021-05-21,"82.615,73"
2021-05-20,"82.501,05"
2021-05-19,"82.188,28"
2021-05-18,"81.323,20"
2021-05-17,"81.152,15"
2021-05-14,"80.879,03"
2021-05-13,"79.635,95"
2021-05-12,"77.955,96"
2021-05-11,"80.045,93"
2021-05-10,"79.149,93"
2021-05-07,"80.260,32"
2021-05-06,"79.194,31"
2021-05-05,"79.205,54"
2021-05-04,"79.052,52"
2021-05-03,"80.327,02"
2021-04-30,"80.122,10"
2021-04-29,"81.175,07"
2021-04-28,"80.654,47"
2021-04-27,"79.895,70"
2021-04-26,"80.902,72"
2021-04-23,"81.343,06"
2021-04-22,"80.777,27"
2021-04-20,"81.193,19"
2021-04-19,"80.915,50"
2021-04-16,"81.084,32"
2021-04-15,"79.754,81"
2021-04-14,"79.359,83"
2021-04-13,"79.877,80"
2021-04-12,"80.400,88"
2021-04-09,"80.021,07"
2021-04-08,"80.544,35"
2021-04-07,"80.527,04"
2021-04-06,"80.958,74"
2021-04-05,"80.705,84"
2021-04-01,"80.012,02"
2021-03-31,"80.913,07"
2021-03-30,"80.168,89"
2021-03-29,"78.789,90"
2021-03-26,"78.925,56"
2021-03-25,"78.316,68"
2021-03-24,"76.431,53"
2021-03-23,"78.181,54"
2021-03-22,"78.363,22"
2021-03-19,"78.924,60"
2021-03-18,"77.614,61"
2021-03-17,"78.365,21"
2021-03-16,"77.137,26"
2021-03-15,"77.105,28"
2021-03-12,"75.848,50"
2021-03-11,"75.729,16"
2021-03-10,"74.665,15"
2021-03-09,"73.160,39"
2021-03-08,"72.997,56"
2021-03-05,"75.494,25"
2021-03-04,"75.785,78"
2021-03-03,"73.904,02"
2021-03-02,"73.713,28"
2021-03-01,"73.063,70"
2021-02-26,"74.396,16"
2021-02-25,"75.764,81"
2021-02-24,"77.417,98"
2021-02-23,"77.339,49"
2021-02-22,"76.214,48"
2021-02-19,"78.962,41"
2021-02-18,"79.277,76"
2021-02-17,"79.887,73"
2021-02-12,"81.022,74"
2021-02-11,"81.541,16"
2021-02-10,"81.354,91"
2021-02-09,"82.239,91"
2021-02-08,"82.389,88"
2021-02-05,"82.377,04"
2021-02-04,"82.228,94"
2021-02-03,"82.399,47"
2021-02-02,"81.763,36"
2021-02-01,"80.689,40"
2021-01-29,"78.922,76"
2021-01-28,"80.407,13"
2021-01-27,"78.581,65"
2021-01-26,"77.905,07"
2021-01-22,"79.325,78"
2021-01-21,"80.070,15"
2021-01-20,"80.944,15"
2021-01-19,"82.233,06"
2021-01-18,"82.424,07"
2021-01-15,"83.433,82"
2021-01-14,"83.742,36"
2021-01-13,"82.221,28"
2021-01-12,"81.530,09"
2021-01-11,"80.759,34"
2021-01-08,"82.376,05"
2021-01-07,"79.577,18"
2021-01-06,"80.593,64"
2021-01-05,"81.558,40"
2021-01-04,"81.955,05"
2020-12-30,"82.845,94"
2020-12-29,"82.437,03"
2020-12-28,"82.320,49"
2020-12-23,"81.004,23"
2020-12-22,"79.754,15"
2020-12-21,"79.547,30"
2020-12-18,"80.792,72"
2020-12-17,"81.023,22"
2020-12-16,"81.097,63"
2020-12-15,"80.619,95"
2020-12-14,"79.912,62"
2020-12-11,"80.370,24"
2020-12-10,"78.527,46"
2020-12-09,"77.977,28"
2020-12-08,"78.085,18"
2020-12-07,"78.415,12"
2020-12-04,"78.208,45"
2020-12-03,"78.475,84"
2020-12-02,"78.144,87"
2020-12-01,"77.529,60"
2020-11-30,"77.283,13"
2020-11-27,"77.637,53"
2020-11-26,"77.618,45"
2020-11-25,"76.918,09"
2020-11-24,"76.235,90"
2020-11-23,"75.673,17"
2020-11-20,"75.619,50"
2020-11-19,"76.594,22"
2020-11-18,"76.718,79"
2020-11-17,"77.187,53"
2020-11-16,"76.768,51"
2020-11-13,"76.171,73"
2020-11-12,"74.373,94"
2020-11-11,"75.443,43"
2020-11-10,"76.526,34"
2020-11-09,"76.428,83"
2020-11-06,"76.189,20"
2020-11-05,"75.467,98"
2020-11-04,"73.120,00"
2020-11-03,"71.193,09"
2020-10-30,"69.951,35"
2020-10-29,"71.021,21"
2020-10-28,"70.934,95"
2020-10-27,"72.788,92"
2020-10-26,"73.042,11"
2020-10-23,"72.466,15"
2020-10-22,"72.421,57"
2020-10-21,"71.999,41"
2020-10-20,"71.743,84"
2020-10-19,"70.771,85"
2020-10-16,"70.921,52"
2020-10-15,"70.776,08"
2020-10-14,"70.142,93"
2020-10-13,"69.415,87"
2020-10-09,"69.629,00"
2020-10-08,"69.493,19"
2020-10-07,"68.349,38"
2020-10-06,"68.717,51"
2020-10-05,"68.957,93"
2020-10-02,"68.242,22"
2020-10-01,"68.741,30"
2020-09-30,"68.569,31"
2020-09-29,"68.265,42"
2020-09-28,"68.787,73"
2020-09-25,"70.607,48"
2020-09-24,"70.760,83"
2020-09-23,"70.135,47"
2020-09-22,"70.935,89"
2020-09-21,"70.597,75"
2020-09-18,"70.666,08"
2020-09-17,"71.846,29"
2020-09-16,"71.615,22"
2020-09-15,"71.389,88"
2020-09-14,"71.654,94"
2020-09-11,"70.934,89"
2020-09-10,"72.215,60"
2020-09-09,"73.913,37"
2020-09-08,"72.907,87"
2020-09-04,"72.487,91"
2020-09-03,"72.426,59"
2020-09-02,"73.184,54"
2020-09-01,"72.989,05"
2020-08-31,"71.966,61"
2020-08-28,"73.217,55"
2020-08-27,"72.379,50"
2020-08-26,"72.637,21"
2020-08-25,"73.818,33"
2020-08-24,"73.079,37"
2020-08-21,"72.236,95"
2020-08-20,"71.334,73"
2020-08-19,"71.213,24"
2020-08-18,"71.863,33"
2020-08-17,"70.279,72"
2020-08-14,"72.113,22"
2020-08-13,"71.707,33"
2020-08-12,"72.849,95"
2020-08-11,"73.744,67"
2020-08-10,"74.854,39"
2020-08-07,"75.172,68"
2020-08-06,"76.087,68"
2020-08-05,"74.370,16"
2020-08-04,"74.355,93"
2020-08-03,"75.816,09"
2020-07-31,"76.523,66"
2020-07-30,"76.139,19"
2020-07-29,"75.665,49"
2020-07-28,"75.458,66"
2020-07-27,"76.087,31"
2020-07-24,"74.902,65"
2020-07-23,"75.167,35"
2020-07-22,"75.675,38"
2020-07-21,"74.700,31"
2020-07-20,"75.129,87"
2020-07-17,"74.360,87"
2020-07-16,"72.575,55"
2020-07-15,"72.824,08"
2020-07-14,"71.731,24"
2020-07-13,"71.644,41"
2020-07-10,"72.050,39"
2020-07-09,"72.017,48"
2020-07-08,"71.996,52"
2020-07-07,"71.488,07"
2020-07-06,"71.989,50"
2020-07-03,"71.605,19"
2020-07-02,"70.746,77"
2020-07-01,"70.885,91"
2020-06-30,"70.159,54"
2020-06-29,"69.589,04"
2020-06-26,"68.502,85"
2020-06-25,"69.557,99"
2020-06-24,"68.840,97"
2020-06-23,"69.754,58"
2020-06-22,"70.481,97"
2020-06-19,"70.358,71"
2020-06-18,"69.459,63"
2020-06-17,"70.085,73"
2020-06-16,"67.826,99"
2020-06-15,"67.773,57"
2020-06-12,"68.313,62"
2020-06-10,"69.266,42"
2020-06-09,"70.489,88"
2020-06-08,"70.379,80"
2020-06-05,"67.879,29"
2020-06-04,"67.503,38"
2020-06-03,"67.829,11"
2020-06-02,"67.422,28"
2020-06-01,"66.659,08"
2020-05-29,"66.370,28"
2020-05-28,"66.574,76"
2020-05-27,"66.675,18"
2020-05-26,"64.942,48"
2020-05-25,"64.774,54"
2020-05-22,"62.077,59"
2020-05-21,"61.515,74"
2020-05-20,"59.859,11"
2020-05-19,"60.257,38"
2020-05-18,"61.189,93"
2020-05-15,"59.058,84"
2020-05-14,"59.359,09"
2020-05-13,"57.512,63"
2020-05-12,"58.261,09"
2020-05-11,"59.166,97"
2020-05-08,"59.809,31"
2020-05-07,"58.004,30"
2020-05-06,"60.363,83"
2020-05-05,"61.200,28"
2020-05-04,"60.355,40"
2020-04-30,"61.335,14"
2020-04-29,"62.450,63"
2020-04-28,"62.251,57"
2020-04-27,"60.471,58"
2020-04-24,"58.512,88"
2020-04-23,"62.253,75"
2020-04-22,"63.081,36"
2020-04-20,"62.359,38"
2020-04-17,"61.893,48"
2020-04-16,"61.872,81"
2020-04-15,"62.374,81"
2020-04-14,"61.861,97"
2020-04-13,"59.926,20"
2020-04-09,"59.562,37"
2020-04-08,"58.829,74"
2020-04-07,"57.797,33"
2020-04-06,"57.018,76"
2020-04-03,"55.414,60"
2020-04-02,"56.195,94"
2020-04-01,"55.784,44"
2020-03-31,"57.650,79"
2020-03-30,"57.962,12"
2020-03-27,"56.903,76"
2020-03-26,"58.926,21"
2020-03-25,"54.886,92"
2020-03-24,"53.336,93"
2020-03-23,"51.681,65"
2020-03-20,"54.810,36"
2020-03-19,"55.938,56"
2020-03-18,"56.119,21"
2020-03-17,"62.166,85"
2020-03-16,"60.334,51"
2020-03-13,"66.426,49"
2020-03-12,"60.947,95"
2020-03-11,"68.939,52"
2020-03-10,"72.862,37"
2020-03-09,"70.181,75"
2020-03-06,"76.268,96"
2020-03-05,"79.053,16"
2020-03-04,"81.871,13"
2020-03-03,"78.600,38"
2020-03-02,"78.686,18"
2020-02-28,"75.555,55"
2020-02-27,"74.905,97"
2020-02-26,"76.253,27"
2020-02-21,"79.639,35"
2020-02-20,"79.175,28"
2020-02-19,"80.409,75"
2020-02-18,"79.982,06"
2020-02-17,"79.628,10"
2020-02-14,"78.712,14"
2020-02-13,"78.983,20"
2020-02-12,"79.097,71"
2020-02-11,"78.062,30"
2020-02-10,"76.414,25"
2020-02-07,"77.712,60"
2020-02-06,"79.039,54"
2020-02-05,"80.112,76"
2020-02-04,"79.736,10"
2020-02-03,"79.288,75"
2020-01-31,"78.308,77"
2020-01-30,"79.394,20"
2020-01-29,"80.331,76"
2020-01-28,"80.840,15"
2020-01-27,"79.592,60"
2020-01-24,"81.022,53"
2020-01-23,"81.053,08"
2020-01-22,"80.446,24"
2020-01-21,"79.974,75"
2020-01-20,"80.372,27"
2020-01-17,"79.920,64"
2020-01-16,"79.546,55"
2020-01-15,"79.348,04"
2020-01-14,"79.383,80"
2020-01-13,"79.280,07"
2020-01-10,"78.598,22"
2020-01-09,"77.732,20"
2020-01-08,"77.182,81"
2020-01-07,"77.012,13"
2020-01-06,"77.381,11"
2020-01-03,"77.360,30"
2020-01-02,"77.369,61"
2019-12-30,"76.627,21"
2019-12-27,"76.224,11"
2019-12-26,"76.076,22"
2019-12-23,"75.521,52"
2019-12-20,"74.498,70"
2019-12-19,"74.366,68"
2019-12-18,"73.278,29"
2019-12-17,"72.621,72"
2019-12-16,"72.777,62"
2019-12-13,"72.677,11"
2019-12-12,"71.917,12"
2019-12-11,"71.763,29"
2019-12-10,"71.139,24"
2019-12-09,"71.084,66"
2019-12-06,"70.743,62"
2019-12-05,"70.491,36"
2019-12-04,"69.944,82"
2019-12-03,"69.608,21"
2019-12-02,"69.292,74"
2019-11-29,"69.397,56"
2019-11-28,"68.875,26"
2019-11-27,"68.471,09"
2019-11-26,"68.190,50"
2019-11-25,"68.529,26"
2019-11-22,"68.847,60"
2019-11-21,"68.256,53"
2019-11-19,"67.568,37"
2019-11-18,"67.853,21"
2019-11-14,"67.908,40"
2019-11-13,"67.303,34"
2019-11-12,"67.707,10"
2019-11-11,"68.389,47"
2019-11-08,"68.415,09"
2019-11-07,"68.913,09"
2019-11-06,"68.307,39"
2019-11-05,"67.986,97"
2019-11-04,"68.403,24"
2019-11-01,"68.256,96"
2019-10-31,"67.949,19"
2019-10-30,"67.224,23"
2019-10-29,"66.004,77"
2019-10-28,"65.691,41"
2019-10-25,"65.270,99"
2019-10-24,"65.763,63"
2019-10-23,"66.040,71"
2019-10-22,"66.143,55"
2019-10-21,"66.261,27"
2019-10-18,"65.726,61"
2019-10-17,"65.318,85"
2019-10-16,"65.367,17"
2019-10-15,"65.328,76"
2019-10-14,"66.339,83"
2019-10-11,"66.448,69"
2019-10-10,"66.266,97"
2019-10-09,"66.377,61"
2019-10-08,"66.130,96"
2019-10-07,"66.446,66"
2019-10-04,"67.654,10"
2019-10-03,"67.255,43"
2019-10-02,"67.034,70"
2019-10-01,"67.891,72"
2019-09-30,"68.121,98"
2019-09-27,"67.378,78"
2019-09-26,"67.479,23"
2019-09-25,"67.054,41"
2019-09-24,"67.605,44"
2019-09-23,"68.053,07"
2019-09-20,"68.291,56"
2019-09-19,"68.991,50"
2019-09-18,"68.272,48"
2019-09-17,"68.248,49"
2019-09-16,"67.658,48"
2019-09-13,"67.829,85"
2019-09-12,"68.315,66"
2019-09-11,"67.819,51"
2019-09-10,"66.501,18"
2019-09-09,"66.476,65"
2019-09-06,"67.621,86"
2019-09-05,"68.031,94"
2019-09-04,"67.997,78"
2019-09-03,"67.480,98"
2019-09-02,"68.355,10"
2019-08-30,"67.856,73"
2019-08-29,"66.928,46"
2019-08-28,"66.264,27"
2019-08-27,"65.891,87"
2019-08-26,"65.793,05"
2019-08-23,"66.156,84"
2019-08-22,"67.146,95"
2019-08-21,"67.345,85"
2019-08-20,"65.950,05"
2019-08-19,"66.611,32"
2019-08-16,"66.746,77"
2019-08-15,"66.068,00"
2019-08-14,"67.039,74"
2019-08-13,"68.596,10"
2019-08-12,"67.905,70"
2019-08-09,"68.509,29"
2019-08-08,"68.019,24"
2019-08-07,"67.370,48"
2019-08-06,"67.453,82"
2019-08-05,"66.171,15"
2019-08-02,"67.230,81"
2019-08-01,"67.271,26"
2019-07-31,"66.282,51"
2019-07-30,"66.226,95"
2019-07-29,"65.608,07"
2019-07-26,"65.330,50"
2019-07-25,"65.258,28"
2019-07-24,"66.271,45"
2019-07-23,"66.460,72"
2019-07-22,"66.414,78"
2019-07-19,"66.324,73"
2019-07-18,"66.732,45"
2019-07-17,"66.485,47"
2019-07-16,"66.239,06"
2019-07-15,"66.096,93"
2019-07-12,"66.667,92"
2019-07-11,"67.085,98"
2019-07-10,"66.682,51"
2019-07-08,"65.776,71"
2019-07-05,"65.164,86"
2019-07-04,"65.014,18"
2019-07-03,"64.360,56"
2019-07-02,"63.502,67"
2019-07-01,"63.956,11"
2019-06-28,"63.830,97"
2019-06-27,"63.053,12"
2019-06-26,"61.366,59"
2019-06-25,"61.316,48"
2019-06-24,"62.138,19"
2019-06-21,"62.210,60"
2019-06-19,"62.202,96"
2019-06-18,"61.700,70"
2019-06-17,"61.413,16"
2019-06-14,"61.417,69"
2019-06-13,"61.681,22"
2019-06-12,"61.066,82"
2019-06-11,"61.507,37"
2019-06-10,"61.329,26"
2019-06-07,"61.982,69"
2019-06-06,"61.906,25"
2019-06-05,"61.571,73"
2019-06-04,"61.580,42"
2019-06-03,"61.941,15"
2019-05-31,"61.954,74"
2019-05-30,"60.330,17"
2019-05-29,"59.491,82"
2019-05-28,"59.326,71"
2019-05-27,"58.524,74"
2019-05-24,"58.257,93"
2019-05-23,"58.546,25"
2019-05-22,"58.807,84"
2019-05-21,"58.416,12"
2019-05-20,"57.310,75"
2019-05-17,"56.362,14"
2019-05-16,"56.965,89"
2019-05-15,"57.805,86"
2019-05-14,"58.046,07"
2019-05-13,"57.716,10"
2019-05-10,"58.766,59"
2019-05-09,"58.775,36"
2019-05-08,"58.977,83"
2019-05-07,"58.670,54"
2019-05-06,"58.665,43"
2019-05-03,"58.578,61"
2019-05-02,"58.722,86"
2019-04-30,"58.734,74"
2019-04-29,"58.355,74"
2019-04-26,"58.161,63"
2019-04-25,"58.051,53"
2019-04-24,"57.561,44"
2019-04-23,"58.118,42"
2019-04-22,"57.440,66"
2019-04-18,"57.136,95"
2019-04-17,"56.396,64"
2019-04-16,"56.564,10"
2019-04-15,"56.377,12"
2019-04-12,"56.073,25"
2019-04-11,"56.907,13"
2019-04-10,"57.719,07"
2019-04-09,"57.818,60"
2019-04-08,"58.483,54"
2019-04-05,"58.395,16"
2019-04-04,"57.761,94"
2019-04-03,"57.456,81"
2019-04-02,"57.663,80"
2019-04-01,"57.960,03"
2019-03-29,"57.449,26"
2019-03-28,"57.072,40"
2019-03-27,"55.980,90"
2019-03-26,"57.850,01"
2019-03-25,"57.072,45"
2019-03-22,"56.429,31"
2019-03-21,"56.083,38"
2019-03-20,"56.755,22"
2019-03-19,"57.620,53"
2019-03-18,"57.709,08"
2019-03-15,"57.328,06"
2019-03-14,"57.105,75"
2019-03-13,"57.100,22"
2019-03-12,"56.391,05"
2019-03-11,"55.933,55"
2019-03-08,"55.585,23"
2019-03-07,"54.599,73"
2019-03-06,"55.045,99"
2019-03-01,"55.399,41"
2019-02-28,"55.826,45"
2019-02-27,"56.201,54"
2019-02-26,"55.352,03"
2019-02-25,"55.503,58"
2019-02-22,"55.422,26"
2019-02-21,"55.102,76"
2019-02-20,"55.113,20"
2019-02-19,"55.562,44"
2019-02-18,"55.084,38"
2019-02-15,"55.303,33"
2019-02-14,"55.420,73"
2019-02-13,"54.894,69"
2019-02-12,"54.831,32"
2019-02-11,"54.617,51"
2019-02-08,"54.886,60"
2019-02-07,"54.559,86"
2019-02-06,"54.756,47"
2019-02-05,"55.845,56"
2019-02-04,"55.785,14"
2019-02-01,"55.826,64"
2019-01-31,"55.793,07"
2019-01-30,"55.633,65"
2019-01-29,"55.285,32"
2019-01-28,"55.015,38"
2019-01-24,"54.696,70"
2019-01-23,"53.811,43"
2019-01-22,"53.161,86"
2019-01-21,"53.213,35"
2019-01-18,"52.869,51"
2019-01-17,"52.529,98"
2019-01-16,"51.921,18"
2019-01-15,"52.115,12"
2019-01-14,"52.382,16"
2019-01-11,"52.145,57"
2019-01-10,"51.995,60"
2019-01-09,"51.641,53"
2019-01-08,"51.287,30"
2019-01-07,"51.243,72"
2019-01-04,"51.614,40"
2019-01-03,"51.335,51"
2019-01-02,"50.699,36"
2018-12-28,"49.266,22"
2018-12-27,"48.447,05"
2018-12-26,"47.835,00"
2018-12-21,"47.722,44"
2018-12-20,"47.973,10"
2018-12-19,"47.567,29"
2018-12-18,"47.796,43"
2018-12-17,"47.726,27"
2018-12-14,"48.290,89"
2018-12-13,"48.274,57"
2018-12-12,"47.956,64"
2018-12-11,"47.825,08"
2018-12-10,"47.129,52"
2018-12-07,"47.321,27"
2018-12-06,"47.633,43"
2018-12-05,"47.911,85"
2018-12-04,"47.381,32"
2018-12-03,"47.451,38"
2018-11-30,"47.257,38"
2018-11-29,"47.754,31"
2018-11-28,"47.266,11"
2018-11-27,"46.923,09"
2018-11-26,"46.437,14"
2018-11-23,"46.682,73"
2018-11-22,"46.853,21"
2018-11-21,"46.654,63"
2018-11-19,"47.022,96"
2018-11-16,"47.218,90"
2018-11-14,"46.389,86"
2018-11-13,"46.132,75"
2018-11-12,"46.311,39"
2018-11-09,"46.183,33"
2018-11-08,"45.819,04"
2018-11-07,"46.336,37"
2018-11-06,"46.524,34"
2018-11-05,"46.711,38"
2018-11-01,"45.981,82"
2018-10-31,"45.595,47"
2018-10-30,"45.420,81"
2018-10-29,"44.693,95"
2018-10-26,"45.497,38"
2018-10-25,"44.664,41"
2018-10-24,"44.124,82"
2018-10-23,"44.580,73"
2018-10-22,"44.185,19"
2018-10-19,"43.980,48"
2018-10-18,"43.156,05"
2018-10-17,"43.426,96"
2018-10-16,"43.255,03"
2018-10-15,"42.579,98"
2018-10-11,"41.949,43"
2018-10-10,"42.161,32"
2018-10-09,"43.260,20"
2018-10-08,"43.062,87"
2018-10-05,"41.414,79"
2018-10-04,"41.235,59"
2018-10-03,"40.790,35"
2018-10-02,"39.868,46"
2018-10-01,"38.618,43"
2018-09-28,"39.350,87"
2018-09-27,"39.302,26"
2018-09-26,"38.991,28"
2018-09-25,"39.173,75"
2018-09-24,"39.347,86"
2018-09-21,"39.847,73"
2018-09-20,"39.235,69"
2018-09-19,"39.041,39"
2018-09-18,"39.505,40"
2018-09-17,"39.249,64"
2018-09-14,"38.829,58"
2018-09-13,"39.049,05"
2018-09-12,"39.292,70"
2018-09-11,"39.194,44"
2018-09-10,"39.892,84"
2018-09-06,"39.698,63"
2018-09-05,"39.530,02"
2018-09-04,"39.220,41"
2018-09-03,"39.823,74"
2018-08-31,"39.715,85"
2018-08-30,"39.475,78"
2018-08-29,"40.028,33"
2018-08-28,"39.862,18"
2018-08-27,"39.971,93"
2018-08-24,"39.368,29"
2018-08-23,"39.533,75"
2018-08-22,"40.075,24"
2018-08-21,"39.744,55"
2018-08-20,"40.548,16"
2018-08-17,"40.705,44"
2018-08-16,"40.636,28"
2018-08-15,"40.225,39"
2018-08-14,"40.396,37"
2018-08-13,"39.785,60"
2018-08-10,"39.650,19"
2018-08-09,"40.366,65"
2018-08-08,"40.745,84"
2018-08-07,"40.761,61"
2018-08-06,"41.169,44"
2018-08-03,"41.595,68"
2018-08-02,"40.847,73"
2018-08-01,"41.000,47"
2018-07-31,"40.683,99"
2018-07-30,"40.897,27"
2018-07-27,"40.941,74"
2018-07-26,"40.972,53"
2018-07-25,"41.673,43"
2018-07-24,"41.238,43"
2018-07-23,"40.928,24"
2018-07-20,"41.243,20"
2018-07-19,"40.498,79"
2018-07-18,"40.605,22"
2018-07-17,"39.564,24"
2018-07-16,"39.286,06"
2018-07-13,"39.328,46"
2018-07-12,"39.097,97"
2018-07-11,"38.900,41"
2018-07-10,"39.031,27"
2018-07-06,"39.121,87"
2018-07-05,"39.150,72"
2018-07-04,"39.454,73"
2018-07-03,"38.661,63"
2018-07-02,"38.630,11"
2018-06-29,"38.562,40"
2018-06-28,"38.465,13"
2018-06-27,"38.462,56"
2018-06-26,"38.819,60"
2018-06-25,"38.943,25"
2018-06-22,"38.690,29"
2018-06-21,"38.368,39"
2018-06-20,"39.150,06"
2018-06-19,"38.913,34"
2018-06-18,"38.668,96"
2018-06-15,"39.021,85"
2018-06-14,"39.152,27"
2018-06-13,"39.258,98"
2018-06-12,"39.172,31"
2018-06-11,"39.334,01"
2018-06-08,"39.541,51"
2018-06-07,"39.322,03"
2018-06-06,"40.326,51"
2018-06-05,"40.987,37"
2018-06-04,"41.976,92"
2018-06-01,"41.388,24"
2018-05-30,"40.116,27"
2018-05-29,"39.398,00"
2018-05-28,"39.314,54"
2018-05-25,"40.696,71"
2018-05-24,"40.958,56"
2018-05-23,"41.089,61"
2018-05-22,"41.746,89"
2018-05-21,"40.955,88"
2018-05-18,"41.032,52"
2018-05-17,"41.269,18"
2018-05-16,"41.911,98"
2018-05-15,"41.506,22"
2018-05-14,"42.071,88"
2018-05-11,"42.855,66"
2018-05-10,"42.901,33"
2018-05-09,"42.195,65"
2018-05-08,"42.595,61"
2018-05-07,"43.040,75"
2018-05-04,"43.076,93"
2018-05-03,"43.099,83"
2018-05-02,"43.520,23"
2018-04-30,"43.820,67"
2018-04-27,"43.684,86"
2018-04-26,"43.433,46"
2018-04-25,"42.643,97"
2018-04-24,"42.635,73"
2018-04-23,"42.951,89"
2018-04-20,"42.644,38"
2018-04-19,"42.691,97"
2018-04-18,"42.549,49"
2018-04-17,"42.331,72"
2018-04-16,"40.949,88"
2018-04-13,"41.418,06"
2018-04-12,"41.756,62"
2018-04-11,"41.442,00"
2018-04-10,"41.455,01"
2018-04-09,"41.095,88"
2018-04-06,"41.627,02"
2018-04-05,"41.818,88"
2018-04-04,"41.303,05"
2018-04-03,"41.260,45"
2018-04-02,"41.135,62"
2018-03-29,"41.445,06"
2018-03-28,"41.131,61"
2018-03-27,"41.561,28"
2018-03-26,"41.804,82"
2018-03-23,"41.512,93"
2018-03-22,"41.418,13"
2018-03-21,"41.500,29"
2018-03-20,"41.586,95"
2018-03-19,"41.619,96"
2018-03-16,"41.641,34"
2018-03-15,"41.673,79"
2018-03-14,"41.660,85"
2018-03-13,"42.176,32"
2018-03-12,"42.450,64"
2018-03-09,"42.013,04"
2018-03-08,"41.825,40"
2018-03-07,"41.566,32"
2018-03-06,"41.611,07"
2018-03-05,"41.890,47"
2018-03-02,"42.010,05"
2018-03-01,"41.767,77"
2018-02-28,"41.965,88"
2018-02-27,"42.464,37"
2018-02-26,"42.411,62"
2018-02-23,"42.551,42"
2018-02-22,"42.011,78"
2018-02-21,"42.013,18"
2018-02-20,"41.497,47"
2018-02-19,"41.108,25"
2018-02-16,"40.782,65"
2018-02-15,"40.693,43"
2018-02-14,"40.714,10"
2018-02-09,"39.844,91"
2018-02-08,"40.147,97"
2018-02-07,"40.520,24"
2018-02-06,"40.446,46"
2018-02-05,"40.051,16"
2018-02-02,"40.563,17"
2018-02-01,"40.803,11"
2018-01-31,"40.582,98"
2018-01-30,"40.530,53"
2018-01-29,"40.622,76"
2018-01-26,"40.572,25"
2018-01-24,"39.794,98"
2018-01-23,"39.062,95"
2018-01-22,"39.373,35"
2018-01-19,"39.239,70"
2018-01-18,"38.994,07"
2018-01-17,"39.351,05"
2018-01-16,"39.379,08"
2018-01-15,"39.444,20"
2018-01-12,"39.215,09"
2018-01-11,"39.347,21"
2018-01-10,"39.176,25"
2018-01-09,"39.327,88"
2018-01-08,"39.332,04"
2018-01-05,"39.255,19"
2018-01-04,"39.141,64"
2018-01-03,"39.530,63"
2018-01-02,"39.845,06"
2017-12-28,"39.732,33"
2017-12-27,"39.243,63"
2017-12-26,"38.999,23"
2017-12-22,"38.696,16"
2017-12-21,"38.544,64"
2017-12-20,"38.295,17"
2017-12-19,"38.110,28"
2017-12-18,"38.473,09"
2017-12-15,"38.676,33"
2017-12-14,"38.264,79"
2017-12-13,"38.568,47"
2017-12-12,"38.808,83"
2017-12-11,"38.581,10"
2017-12-08,"38.645,35"
2017-12-07,"38.527,35"
2017-12-06,"38.875,42"
2017-12-05,"38.771,41"
2017-12-04,"38.933,54"
2017-12-01,"38.785,63"
2017-11-30,"38.901,51"
2017-11-29,"39.390,83"
2017-11-28,"39.893,70"
2017-11-27,"39.995,64"
2017-11-24,"40.156,45"
2017-11-23,"40.094,30"
2017-11-22,"39.935,98"
2017-11-21,"39.648,80"
2017-11-17,"39.337,70"
2017-11-16,"39.288,27"
2017-11-14,"38.837,46"
2017-11-13,"39.240,26"
2017-11-10,"39.220,95"
2017-11-09,"39.442,27"
2017-11-08,"39.649,59"
2017-11-07,"38.874,46"
2017-11-06,"39.419,61"
2017-11-03,"39.228,33"
2017-11-01,"39.638,09"
2017-10-31,"40.010,30"
2017-10-30,"40.233,98"
2017-10-27,"40.899,21"
2017-10-26,"40.798,85"
2017-10-25,"40.994,77"
2017-10-24,"40.998,45"
2017-10-23,"40.941,41"
2017-10-20,"41.626,47"
2017-10-19,"41.557,23"
2017-10-18,"41.542,97"
2017-10-17,"41.204,64"
2017-10-16,"41.483,49"
2017-10-13,"41.859,02"
2017-10-11,"41.974,84"
2017-10-10,"42.007,20"
2017-10-09,"41.731,61"
2017-10-06,"41.898,20"
2017-10-05,"42.364,18"
2017-10-04,"42.075,63"
2017-10-03,"42.018,94"
2017-10-02,"41.323,37"
2017-09-29,"41.305,79"
2017-09-28,"40.816,41"
2017-09-27,"40.936,17"
2017-09-26,"41.469,99"
2017-09-25,"41.341,26"
2017-09-22,"42.118,53"
2017-09-21,"42.185,63"
2017-09-20,"42.923,79"
2017-09-19,"42.689,18"
2017-09-18,"42.778,27"
2017-09-15,"42.776,92"
2017-09-14,"42.685,71"
2017-09-13,"42.850,71"
2017-09-12,"42.899,78"
2017-09-11,"42.644,07"
2017-09-08,"41.988,55"
2017-09-06,"41.602,01"
2017-09-05,"41.724,23"
2017-09-04,"41.480,66"
2017-09-01,"41.426,29"
2017-08-31,"41.184,50"
2017-08-30,"41.281,84"
2017-08-29,"41.299,13"
2017-08-28,"41.362,57"
2017-08-25,"41.549,26"
2017-08-24,"41.811,34"
2017-08-23,"41.579,60"
2017-08-22,"41.728,10"
2017-08-21,"40.141,60"
2017-08-18,"40.247,66"
2017-08-17,"40.039,68"
2017-08-16,"40.309,01"
2017-08-15,"40.377,83"
2017-08-14,"40.285,97"
2017-08-11,"39.906,39"
2017-08-10,"39.876,40"
2017-08-09,"40.453,39"
2017-08-08,"40.542,18"
2017-08-07,"40.718,96"
2017-08-04,"40.483,01"
2017-08-03,"40.257,11"
2017-08-02,"40.163,92"
2017-08-01,"39.796,67"
2017-07-31,"39.621,30"
2017-07-28,"39.622,12"
2017-07-27,"39.793,17"
2017-07-26,"39.831,06"
2017-07-25,"40.279,32"
2017-07-24,"40.212,24"
2017-07-21,"40.207,72"
2017-07-20,"40.078,01"
2017-07-19,"40.044,75"
2017-07-18,"40.311,26"
2017-07-17,"40.234,68"
2017-07-14,"40.091,59"
2017-07-13,"40.027,94"
2017-07-12,"40.004,88"
2017-07-11,"39.543,79"
2017-07-10,"39.491,32"
2017-07-07,"39.307,09"
2017-07-06,"39.189,94"
2017-07-05,"38.763,99"
2017-07-04,"38.502,90"
2017-07-03,"38.315,55"
2017-06-30,"38.095,18"
2017-06-29,"37.760,07"
2017-06-28,"38.041,36"
2017-06-27,"37.821,62"
2017-06-26,"38.043,08"
2017-06-23,"37.722,20"
2017-06-22,"37.848,45"
2017-06-21,"36.801,29"
2017-06-20,"36.976,84"
2017-06-19,"37.357,72"
2017-06-16,"37.552,83"
2017-06-14,"37.374,93"
2017-06-13,"37.369,38"
2017-06-12,"37.212,71"
2017-06-09,"37.305,80"
2017-06-08,"37.244,70"
2017-06-07,"37.704,27"
2017-06-06,"37.609,48"
2017-06-05,"37.426,30"
2017-06-02,"37.823,84"
2017-06-01,"37.527,31"
2017-05-31,"37.832,99"
2017-05-30,"38.117,97"
2017-05-29,"37.742,17"
2017-05-26,"37.722,23"
2017-05-25,"37.198,54"
2017-05-24,"37.066,88"
2017-05-23,"36.291,70"
2017-05-22,"35.808,25"
2017-05-19,"36.611,20"
2017-05-18,"35.699,38"
2017-05-17,"39.697,11"
2017-05-16,"40.148,51"
2017-05-15,"40.303,52"
2017-05-12,"40.142,53"
2017-05-11,"39.545,75"
2017-05-10,"39.302,74"
2017-05-09,"39.464,61"
2017-05-08,"39.058,09"
2017-05-05,"39.144,07"
2017-05-04,"38.804,83"
2017-05-03,"39.628,24"
2017-05-02,"39.746,18"
2017-04-28,"39.201,52"
2017-04-27,"38.821,73"
2017-04-26,"39.032,58"
2017-04-25,"39.104,57"
2017-04-24,"38.763,92"
2017-04-20,"38.967,45"
2017-04-19,"38.692,48"
2017-04-18,"38.938,79"
2017-04-17,"38.936,70"
2017-04-13,"38.388,66"
2017-04-12,"38.911,53"
2017-04-11,"39.168,65"
2017-04-10,"38.857,30"
2017-04-07,"39.024,96"
2017-04-06,"38.903,51"
2017-04-05,"39.398,25"
2017-04-04,"39.760,84"
2017-04-03,"39.967,21"
2017-03-31,"39.971,64"
2017-03-30,"39.708,48"
2017-03-29,"39.631,50"
2017-03-28,"39.420,58"
2017-03-27,"39.567,58"
2017-03-24,"39.592,79"
2017-03-23,"39.030,56"
2017-03-22,"39.043,54"
2017-03-21,"39.019,81"
2017-03-20,"39.615,18"
2017-03-17,"40.116,41"
2017-03-16,"40.186,23"
2017-03-15,"40.263,79"
2017-03-14,"39.795,01"
2017-03-13,"40.404,02"
2017-03-10,"39.985,90"
2017-03-09,"39.788,77"
2017-03-08,"40.571,94"
2017-03-07,"41.364,77"
2017-03-06,"41.042,31"
2017-03-03,"40.855,96"
2017-03-02,"40.322,11"
2017-03-01,"40.649,44"
2017-02-24,"40.518,88"
2017-02-23,"40.548,96"
2017-02-22,"40.674,51"
2017-02-21,"40.985,33"
2017-02-20,"40.567,31"
2017-02-17,"40.398,98"
2017-02-16,"40.393,69"
2017-02-15,"40.000,91"
2017-02-14,"39.292,94"
2017-02-13,"39.660,60"
2017-02-10,"39.291,13"
2017-02-09,"39.021,20"
2017-02-08,"39.223,71"
2017-02-07,"38.884,79"
2017-02-06,"38.930,63"
2017-02-03,"39.364,55"
2017-02-02,"39.074,15"
2017-02-01,"38.751,61"
2017-01-31,"38.661,59"
2017-01-30,"38.069,01"
2017-01-27,"38.754,31"
2017-01-26,"38.987,03"
2017-01-24,"38.742,89"
2017-01-23,"38.812,43"
2017-01-20,"38.235,31"
2017-01-19,"37.931,51"
2017-01-18,"38.060,74"
2017-01-17,"38.292,15"
2017-01-16,"37.772,51"
2017-01-13,"37.847,18"
2017-01-12,"37.632,30"
2017-01-11,"36.183,09"
2017-01-10,"36.322,08"
2017-01-09,"36.135,86"
2017-01-06,"36.110,92"
2017-01-05,"36.304,15"
2017-01-04,"36.476,59"
2017-01-03,"36.662,00"
2017-01-02,"36.061,98"
2016-12-29,"36.108,16"
2016-12-28,"35.645,23"
2016-12-27,"35.068,41"
2016-12-26,"34.823,77"
2016-12-23,"34.597,47"
2016-12-22,"34.535,74"
2016-12-21,"34.192,98"
2016-12-20,"34.007,39"
2016-12-19,"34.219,58"
2016-12-16,"34.135,61"
2016-12-15,"33.937,28"
2016-12-14,"33.637,69"
2016-12-13,"33.805,28"
2016-12-12,"33.582,48"
2016-12-09,"33.988,33"
2016-12-08,"33.767,64"
2016-12-07,"33.757,78"
2016-12-06,"33.578,86"
2016-12-05,"33.473,41"
2016-12-02,"33.707,54"
2016-12-01,"33.496,37"
2016-11-30,"34.789,92"
2016-11-29,"34.547,09"
2016-11-28,"34.924,05"
2016-11-25,"34.616,13"
2016-11-24,"34.687,06"
2016-11-23,"34.679,07"
2016-11-22,"34.705,77"
2016-11-21,"34.875,59"
2016-11-18,"34.547,28"
2016-11-17,"34.017,44"
2016-11-16,"34.310,86"
2016-11-14,"33.703,65"
2016-11-11,"33.913,08"
2016-11-10,"35.295,45"
2016-11-09,"37.180,06"
2016-11-08,"37.858,68"
2016-11-07,"37.917,47"
2016-11-04,"37.007,19"
2016-11-03,"37.110,95"
2016-11-01,"37.766,26"
2016-10-31,"38.503,89"
2016-10-28,"38.497,21"
2016-10-27,"38.413,35"
2016-10-26,"38.197,43"
2016-10-25,"38.177,23"
2016-10-24,"38.133,44"
2016-10-21,"38.186,48"
2016-10-20,"38.000,10"
2016-10-19,"37.611,78"
2016-10-18,"37.717,40"
2016-10-17,"37.617,39"
2016-10-14,"37.461,50"
2016-10-13,"37.371,92"
2016-10-11,"37.047,34"
2016-10-10,"37.248,04"
2016-10-07,"36.893,72"
2016-10-06,"36.660,34"
2016-10-05,"36.474,91"
2016-10-04,"36.224,81"
2016-10-03,"36.437,91"
2016-09-30,"36.307,19"
2016-09-29,"36.555,65"
2016-09-28,"37.237,45"
2016-09-27,"36.851,90"
2016-09-26,"37.063,05"
2016-09-23,"37.258,01"
2016-09-22,"37.463,08"
2016-09-21,"37.081,34"
2016-09-20,"37.050,60"
2016-09-19,"36.627,96"
2016-09-16,"36.416,23"
2016-09-15,"36.822,04"
2016-09-14,"36.235,90"
2016-09-13,"36.128,88"
2016-09-12,"36.998,35"
2016-09-09,"36.936,80"
2016-09-08,"38.167,52"
2016-09-06,"38.428,81"
2016-09-05,"38.080,67"
2016-09-02,"38.273,42"
2016-09-01,"37.404,85"
2016-08-31,"37.048,17"
2016-08-30,"37.202,21"
2016-08-29,"37.392,46"
2016-08-26,"36.568,60"
2016-08-25,"36.373,55"
2016-08-24,"36.317,04"
2016-08-23,"36.059,95"
2016-08-22,"36.320,07"
2016-08-19,"36.947,30"
2016-08-18,"36.832,90"
2016-08-17,"36.910,30"
2016-08-16,"36.998,53"
2016-08-15,"36.955,29"
2016-08-12,"36.693,85"
2016-08-11,"36.877,52"
2016-08-10,"36.266,60"
2016-08-09,"36.527,29"
2016-08-08,"36.682,18"
2016-08-05,"36.789,32"
2016-08-04,"36.962,44"
2016-08-03,"36.278,14"
2016-08-02,"35.762,66"
2016-08-01,"36.320,10"
2016-07-29,"36.797,87"
2016-07-28,"36.223,52"
2016-07-27,"36.055,80"
2016-07-26,"35.959,09"
2016-07-25,"36.067,24"
2016-07-22,"36.273,23"
2016-07-21,"35.975,07"
2016-07-20,"35.606,30"
2016-07-19,"35.675,76"
2016-07-18,"35.605,87"
2016-07-15,"34.790,63"
2016-07-14,"34.410,06"
2016-07-13,"33.951,02"
2016-07-12,"33.990,22"
2016-07-11,"33.735,65"
2016-07-08,"32.557,33"
2016-07-07,"31.997,46"
2016-07-06,"31.991,24"
2016-07-05,"32.220,40"
2016-07-04,"31.820,79"
2016-07-01,"30.713,24"
2016-06-30,"30.786,95"
2016-06-29,"30.497,74"
2016-06-28,"30.193,51"
2016-06-27,"29.407,16"
2016-06-24,"29.540,43"
2016-06-23,"29.851,34"
2016-06-22,"29.162,61"
2016-06-21,"28.623,26"
2016-06-20,"28.063,53"
2016-06-17,"27.746,44"
2016-06-16,"27.556,37"
2016-06-15,"27.252,55"
2016-06-14,"27.262,43"
2016-06-13,"27.610,68"
2016-06-10,"27.376,99"
2016-06-09,"27.849,78"
2016-06-08,"28.096,43"
2016-06-07,"27.416,99"
2016-06-06,"27.408,73"
2016-06-03,"27.439,82"
2016-06-02,"27.261,98"
2016-06-01,"26.932,74"
2016-05-31,"27.039,63"
2016-05-30,"26.759,07"
2016-05-27,"26.775,51"
2016-05-25,"26.689,19"
2016-05-24,"26.723,38"
2016-05-23,"26.829,19"
2016-05-20,"27.133,68"
2016-05-19,"26.941,07"
2016-05-18,"27.127,38"
2016-05-17,"27.422,84"
2016-05-16,"28.001,56"
2016-05-13,"28.510,16"
2016-05-12,"29.070,61"
2016-05-11,"28.563,77"
2016-05-10,"28.518,28"
2016-05-09,"27.961,38"
2016-05-06,"28.208,75"
2016-05-05,"28.204,14"
2016-05-04,"28.322,14"
2016-05-03,"28.278,82"
2016-05-02,"28.578,77"
2016-04-29,"28.667,20"
2016-04-28,"29.037,69"
2016-04-27,"29.025,77"
2016-04-26,"28.476,65"
2016-04-25,"28.324,53"
2016-04-22,"28.375,79"
2016-04-20,"28.312,25"
2016-04-19,"28.483,91"
2016-04-18,"28.060,91"
2016-04-15,"28.335,40"
2016-04-14,"27.897,70"
2016-04-13,"28.315,74"
2016-04-12,"27.592,28"
2016-04-11,"26.905,10"
2016-04-08,"26.866,40"
2016-04-07,"26.126,55"
2016-04-06,"26.065,66"
2016-04-05,"26.882,12"
2016-04-04,"27.085,50"
2016-04-01,"27.890,00"
2016-03-31,"27.859,68"
2016-03-30,"28.440,49"
2016-03-29,"28.340,52"
2016-03-28,"28.138,49"
2016-03-24,"27.591,06"
2016-03-23,"27.654,19"
2016-03-22,"27.960,57"
2016-03-21,"27.897,36"
2016-03-18,"27.379,44"
2016-03-17,"27.386,68"
2016-03-16,"26.238,07"
2016-03-15,"26.047,71"
2016-03-14,"26.942,42"
2016-03-11,"27.540,18"
2016-03-10,"27.120,26"
2016-03-09,"26.775,34"
2016-03-08,"26.507,37"
2016-03-07,"26.103,40"
2016-03-04,"26.242,86"
2016-03-03,"25.991,20"
2016-03-02,"24.978,22"
2016-03-01,"25.055,19"
2016-02-29,"24.618,12"
2016-02-26,"24.288,81"
2016-02-25,"24.727,75"
2016-02-24,"24.461,32"
2016-02-23,"24.904,48"
2016-02-22,"25.342,83"
2016-02-19,"24.800,37"
2016-02-18,"25.062,80"
2016-02-17,"25.076,16"
2016-02-16,"24.366,84"
2016-02-15,"23.824,41"
2016-02-12,"23.786,17"
2016-02-11,"23.988,51"
2016-02-10,"24.593,15"
2016-02-05,"24.439,65"
2016-02-04,"24.095,63"
2016-02-03,"23.817,73"
2016-02-02,"23.615,79"
2016-02-01,"24.781,92"
2016-01-29,"24.033,85"
2016-01-28,"22.862,95"
2016-01-27,"22.168,73"
2016-01-26,"21.351,38"
2016-01-22,"21.424,73"
2016-01-21,"20.920,20"
2016-01-20,"20.873,27"
2016-01-19,"21.184,19"
2016-01-18,"21.363,36"
2016-01-15,"21.670,90"
2016-01-14,"22.016,55"
2016-01-13,"22.236,29"
2016-01-12,"22.488,79"
2016-01-11,"22.540,18"
2016-01-08,"22.660,84"
2016-01-07,"22.853,21"
2016-01-06,"23.602,34"
2016-01-05,"23.717,44"
2016-01-04,"23.712,67"
2015-12-30,"24.803,21"
2015-12-29,"24.454,30"
2015-12-28,"24.434,35"
2015-12-23,"24.188,94"
2015-12-22,"23.903,11"
2015-12-21,"23.847,42"
2015-12-18,"24.063,55"
2015-12-17,"24.868,23"
2015-12-16,"24.759,59"
2015-12-15,"24.497,88"
2015-12-14,"24.431,09"
2015-12-11,"24.758,34"
2015-12-10,"24.745,63"
2015-12-09,"25.019,79"
2015-12-08,"24.395,32"
2015-12-07,"24.622,10"
2015-12-04,"24.664,33"
2015-12-03,"25.265,47"
2015-12-02,"25.063,41"
2015-12-01,"25.004,61"
2015-11-30,"25.242,99"
2015-11-27,"25.714,15"
2015-11-26,"26.473,44"
2015-11-25,"26.164,41"
2015-11-24,"26.678,77"
2015-11-23,"26.809,06"
2015-11-19,"26.873,93"
2015-11-18,"26.743,89"
2015-11-17,"26.631,69"
2015-11-16,"26.697,61"
2015-11-13,"27.016,72"
2015-11-12,"27.148,93"
2015-11-11,"27.404,09"
2015-11-10,"27.211,77"
2015-11-09,"26.890,86"
2015-11-06,"27.235,76"
2015-11-05,"27.855,04"
2015-11-04,"27.759,49"
2015-11-03,"27.409,78"
2015-10-30,"26.711,21"
2015-10-29,"26.094,36"
2015-10-28,"26.409,00"
2015-10-27,"26.610,68"
2015-10-26,"26.453,57"
2015-10-23,"26.745,96"
2015-10-22,"27.079,99"
2015-10-21,"26.590,56"
2015-10-20,"26.845,64"
2015-10-19,"26.683,49"
2015-10-16,"26.557,80"
2015-10-15,"26.957,15"
2015-10-14,"26.493,93"
2015-10-13,"26.895,36"
2015-10-09,"26.902,59"
2015-10-08,"26.661,46"
2015-10-07,"26.524,50"
2015-10-06,"26.148,15"
2015-10-05,"26.234,53"
2015-10-02,"25.951,19"
2015-10-01,"25.331,01"
2015-09-30,"25.775,84"
2015-09-29,"25.151,16"
2015-09-28,"24.945,12"
2015-09-25,"25.274,34"
2015-09-24,"25.539,29"
2015-09-23,"25.629,94"
2015-09-22,"25.935,65"
2015-09-21,"26.186,97"
2015-09-18,"26.350,37"
2015-09-17,"27.118,76"
2015-09-16,"27.118,48"
2015-09-15,"26.393,33"
2015-09-14,"26.111,29"
2015-09-11,"25.620,85"
2015-09-10,"25.464,93"
2015-09-09,"25.350,55"
2015-09-08,"25.065,75"
2015-09-04,"25.239,20"
2015-09-03,"25.743,40"
2015-09-02,"25.185,20"
2015-09-01,"25.106,26"
2015-08-31,"25.839,79"
2015-08-28,"26.156,44"
2015-08-27,"26.536,33"
2015-08-26,"25.954,15"
2015-08-25,"25.578,70"
2015-08-24,"25.364,18"
2015-08-21,"26.458,55"
2015-08-20,"27.285,63"
2015-08-19,"27.228,08"
2015-08-18,"27.720,49"
2015-08-17,"27.669,18"
2015-08-14,"27.810,98"
2015-08-13,"27.984,78"
2015-08-12,"28.026,16"
2015-08-11,"28.200,57"
2015-08-10,"28.019,73"
2015-08-07,"28.233,56"
2015-08-06,"28.677,58"
2015-08-05,"29.048,68"
2015-08-04,"29.557,02"
2015-08-03,"29.736,42"
2015-07-31,"29.605,90"
2015-07-30,"29.121,70"
2015-07-29,"28.568,04"
2015-07-28,"28.770,82"
2015-07-27,"28.871,17"
2015-07-24,"28.758,31"
2015-07-23,"29.468,97"
2015-07-22,"30.199,53"
2015-07-21,"30.322,56"
2015-07-20,"30.430,94"
2015-07-17,"30.564,79"
2015-07-16,"31.009,43"
2015-07-15,"30.861,82"
2015-07-14,"30.868,06"
2015-07-13,"30.580,02"
2015-07-10,"30.360,01"
2015-07-08,"30.315,74"
2015-07-07,"30.521,04"
2015-07-06,"30.541,15"
2015-07-03,"30.695,39"
2015-07-02,"30.690,95"
2015-07-01,"30.426,82"
2015-06-30,"30.253,31"
2015-06-29,"30.106,90"
2015-06-26,"30.291,98"
2015-06-25,"29.708,42"
2015-06-24,"30.186,85"
2015-06-23,"30.535,58"
2015-06-22,"30.730,55"
2015-06-19,"30.445,47"
2015-06-18,"30.447,39"
2015-06-17,"30.018,53"
2015-06-16,"29.959,76"
2015-06-15,"30.092,94"
2015-06-12,"29.992,89"
2015-06-11,"30.229,78"
2015-06-10,"30.335,84"
2015-06-09,"30.326,71"
2015-06-08,"30.469,38"
2015-06-05,"30.520,38"
2015-06-03,"30.745,99"
2015-06-02,"30.903,25"
2015-06-01,"30.787,59"
2015-05-29,"30.202,54"
2015-05-28,"30.963,53"
2015-05-27,"31.242,23"
2015-05-26,"30.668,65"
2015-05-25,"30.994,33"
2015-05-22,"30.518,72"
2015-05-21,"30.595,89"
2015-05-20,"30.948,28"
2015-05-19,"31.124,97"
2015-05-18,"31.089,73"
2015-05-15,"31.260,31"
2015-05-14,"30.959,91"
2015-05-13,"30.517,47"
2015-05-12,"31.399,24"
2015-05-11,"31.534,55"
2015-05-08,"31.261,94"
2015-05-07,"30.817,55"
2015-05-06,"31.076,97"
2015-05-05,"30.907,03"
2015-05-04,"30.089,77"
2015-04-30,"29.453,36"
2015-04-29,"29.538,56"
2015-04-28,"29.682,04"
2015-04-27,"29.022,05"
2015-04-24,"29.391,29"
2015-04-23,"29.283,42"
2015-04-22,"28.896,67"
2015-04-20,"28.613,14"
2015-04-17,"28.700,43"
2015-04-16,"28.855,62"
2015-04-15,"28.836,53"
2015-04-14,"28.628,85"
2015-04-13,"28.693,97"
2015-04-10,"28.551,62"
2015-04-09,"28.478,11"
2015-04-08,"28.333,25"
2015-04-07,"28.471,90"
2015-04-06,"28.824,31"
2015-04-02,"28.457,10"
2015-04-01,"28.250,33"
2015-03-31,"27.504,07"
2015-03-30,"27.561,98"
2015-03-27,"26.927,19"
2015-03-26,"27.030,80"
2015-03-25,"27.492,58"
2015-03-24,"27.768,84"
2015-03-23,"27.561,09"
2015-03-20,"27.658,17"
2015-03-19,"26.684,70"
2015-03-18,"26.779,68"
2015-03-17,"26.259,15"
2015-03-16,"25.805,63"
2015-03-13,"25.765,34"
2015-03-12,"25.997,75"
2015-03-11,"25.418,63"
2015-03-10,"25.175,39"
2015-03-09,"25.158,03"
2015-03-06,"25.788,51"
2015-03-05,"25.796,68"
2015-03-04,"25.799,70"
2015-03-03,"26.220,84"
2015-03-02,"26.284,22"
2015-02-27,"26.521,88"
2015-02-26,"26.844,04"
2015-02-25,"26.180,72"
2015-02-24,"25.831,39"
2015-02-23,"25.476,54"
2015-02-20,"25.673,35"
2015-02-19,"26.097,60"
2015-02-18,"25.795,79"
2015-02-13,"25.391,92"
2015-02-12,"24.988,07"
2015-02-11,"24.185,86"
2015-02-10,"24.249,27"
2015-02-09,"24.512,13"
2015-02-06,"24.480,53"
2015-02-05,"24.779,63"
2015-02-04,"25.031,36"
2015-02-03,"25.343,45"
2015-02-02,"25.474,93"
2015-01-30,"24.635,26"
2015-01-29,"25.416,35"
2015-01-28,"24.851,73"
2015-01-27,"24.784,35"
2015-01-26,"24.681,57"
2015-01-23,"24.867,91"
2015-01-22,"25.147,93"
2015-01-21,"25.440,19"
2015-01-20,"25.202,70"
2015-01-19,"25.314,81"
2015-01-16,"26.538,66"
2015-01-15,"26.024,98"
2015-01-14,"26.211,32"
2015-01-13,"25.806,09"
2015-01-12,"25.579,81"
2015-01-09,"25.774,12"
2015-01-08,"27.152,12"
2015-01-07,"27.074,18"
2015-01-06,"26.630,41"
2015-01-05,"26.189,85"
2015-01-02,"26.473,35"
2014-12-30,"27.161,26"
2014-12-29,"27.309,61"
2014-12-26,"27.015,48"
2014-12-23,"26.783,48"
2014-12-22,"26.615,66"
2014-12-19,"26.281,62"
2014-12-18,"25.950,18"
2014-12-17,"26.307,32"
2014-12-16,"25.544,88"
2014-12-15,"26.411,40"
2014-12-12,"26.655,94"
2014-12-11,"26.849,04"
2014-12-10,"26.750,56"
2014-12-09,"27.095,51"
2014-12-08,"27.131,77"
2014-12-05,"27.589,25"
2014-12-04,"27.522,56"
2014-12-03,"27.710,30"
2014-12-02,"27.702,33"
2014-12-01,"27.608,12"
2014-11-28,"28.314,98"
2014-11-27,"28.225,70"
2014-11-26,"27.791,50"
2014-11-25,"28.007,92"
2014-11-24,"28.115,25"
2014-11-21,"28.019,10"
2014-11-19,"26.874,47"
2014-11-18,"26.193,02"
2014-11-17,"25.835,19"
2014-11-14,"26.020,09"
2014-11-13,"26.270,87"
2014-11-12,"26.683,81"
2014-11-11,"26.802,33"
2014-11-10,"26.759,90"
2014-11-07,"26.474,05"
2014-11-06,"26.206,98"
2014-11-05,"26.519,51"
2014-11-04,"26.636,51"
2014-11-03,"26.439,37"
2014-10-31,"26.451,47"
2014-10-30,"26.149,23"
2014-10-29,"26.036,50"
2014-10-28,"25.834,75"
2014-10-27,"24.971,01"
2014-10-24,"25.779,43"
2014-10-23,"25.139,00"
2014-10-22,"26.109,50"
2014-10-21,"26.158,60"
2014-10-20,"27.169,05"
2014-10-17,"27.538,31"
2014-10-16,"26.939,96"
2014-10-15,"27.349,88"
2014-10-14,"28.035,85"
2014-10-13,"28.134,48"
2014-10-10,"27.474,62"
2014-10-09,"28.072,20"
2014-10-08,"28.413,74"
2014-10-07,"28.417,95"
2014-10-06,"27.906,13"
2014-10-03,"27.144,35"
2014-10-02,"26.830,01"
2014-10-01,"26.897,95"
2014-09-30,"27.596,08"
2014-09-29,"27.320,57"
2014-09-26,"28.025,53"
2014-09-25,"27.859,25"
2014-09-24,"27.705,39"
2014-09-23,"27.663,98"
2014-09-22,"27.824,16"
2014-09-19,"28.419,12"
2014-09-18,"28.683,47"
2014-09-17,"29.073,49"
2014-09-16,"29.255,77"
2014-09-15,"29.036,96"
2014-09-12,"29.005,53"
2014-09-11,"29.475,98"
2014-09-10,"29.462,06"
2014-09-09,"29.495,86"
2014-09-08,"30.120,93"
2014-09-05,"31.085,51"
2014-09-04,"31.188,06"
2014-09-03,"31.478,25"
2014-09-02,"31.233,83"
2014-09-01,"31.164,53"
2014-08-29,"31.171,18"
2014-08-28,"30.847,82"
2014-08-27,"31.064,97"
2014-08-26,"30.733,48"
2014-08-25,"30.866,52"
2014-08-22,"30.452,50"
2014-08-21,"30.714,90"
2014-08-20,"30.404,56"
2014-08-19,"30.028,05"
2014-08-18,"29.781,37"
2014-08-15,"29.698,94"
2014-08-14,"29.105,05"
2014-08-13,"29.082,09"
2014-08-12,"29.297,63"
2014-08-11,"29.349,70"
2014-08-08,"28.992,08"
2014-08-07,"28.888,06"
2014-08-06,"28.859,44"
2014-08-05,"28.774,06"
2014-08-04,"29.054,84"
2014-08-01,"28.543,39"
2014-07-31,"28.369,58"
2014-07-30,"28.951,50"
2014-07-29,"29.106,90"
2014-07-28,"29.738,99"
2014-07-25,"29.717,94"
2014-07-24,"30.008,06"
2014-07-23,"29.746,58"
2014-07-22,"30.079,17"
2014-07-21,"29.741,82"
2014-07-18,"29.487,21"
2014-07-17,"29.027,89"
2014-07-16,"29.129,51"
2014-07-15,"29.382,94"
2014-07-14,"29.287,01"
2014-07-11,"28.977,21"
2014-07-10,"28.823,96"
2014-07-08,"28.337,60"
2014-07-07,"28.331,57"
2014-07-04,"28.293,07"
2014-07-03,"27.823,67"
2014-07-02,"27.758,07"
2014-07-01,"27.954,87"
2014-06-30,"28.133,81"
2014-06-27,"28.191,38"
2014-06-26,"28.346,20"
2014-06-25,"28.356,70"
2014-06-24,"28.388,70"
2014-06-23,"28.155,93"
2014-06-20,"28.326,32"
2014-06-18,"28.845,84"
2014-06-17,"28.126,06"
2014-06-16,"28.019,97"
2014-06-13,"28.029,71"
2014-06-11,"28.203,59"
2014-06-10,"27.867,76"
2014-06-09,"27.615,75"
2014-06-06,"26.962,51"
2014-06-05,"26.522,92"
2014-06-04,"26.529,20"
2014-06-03,"26.534,81"
2014-06-02,"26.348,59"
2014-05-30,"26.328,72"
2014-05-29,"26.644,97"
2014-05-28,"26.593,70"
2014-05-27,"26.380,47"
2014-05-26,"26.959,05"
2014-05-23,"26.818,22"
2014-05-22,"26.716,72"
2014-05-21,"26.337,58"
2014-05-20,"26.377,95"
2014-05-19,"26.729,43"
2014-05-16,"27.010,67"
2014-05-15,"26.929,10"
2014-05-14,"27.520,56"
2014-05-13,"27.126,67"
2014-05-12,"27.224,66"
2014-05-09,"26.745,94"
2014-05-08,"27.155,58"
2014-05-07,"27.538,14"
2014-05-06,"27.062,79"
2014-05-05,"26.837,47"
2014-05-02,"26.292,22"
2014-04-30,"25.845,08"
2014-04-29,"25.463,95"
2014-04-28,"25.431,42"
2014-04-25,"25.471,71"
2014-04-24,"25.891,80"
2014-04-23,"25.888,81"
2014-04-22,"26.009,19"
2014-04-17,"25.588,84"
2014-04-16,"25.091,63"
2014-04-15,"24.983,16"
2014-04-14,"25.078,78"
2014-04-11,"24.691,97"
2014-04-10,"24.478,93"
2014-04-09,"24.406,07"
2014-04-08,"24.985,43"
2014-04-07,"25.145,97"
2014-04-04,"25.062,10"
2014-04-03,"25.128,53"
2014-04-02,"25.295,47"
2014-04-01,"24.603,50"
2014-03-31,"24.838,77"
2014-03-28,"24.617,24"
2014-03-27,"24.495,63"
2014-03-26,"23.775,46"
2014-03-25,"23.796,85"
2014-03-24,"23.654,79"
2014-03-21,"23.511,55"
2014-03-20,"23.315,63"
2014-03-19,"22.942,17"
2014-03-18,"22.658,74"
2014-03-17,"22.157,44"
2014-03-14,"22.311,92"
2014-03-13,"22.800,23"
2014-03-12,"22.273,01"
2014-03-11,"21.953,46"
2014-03-10,"21.750,48"
2014-03-07,"22.167,93"
2014-03-06,"22.914,59"
2014-03-05,"22.722,90"
2014-02-28,"23.057,55"
2014-02-27,"23.079,39"
2014-02-26,"22.505,21"
2014-02-25,"22.444,82"
2014-02-24,"22.879,85"
2014-02-21,"22.785,10"
2014-02-20,"22.756,37"
2014-02-19,"22.311,65"
2014-02-18,"21.826,66"
2014-02-17,"22.752,08"
2014-02-14,"23.744,74"
2014-02-13,"23.940,04"
2014-02-12,"24.366,74"
2014-02-11,"24.320,95"
2014-02-10,"24.192,99"
2014-02-07,"24.467,61"
2014-02-06,"24.489,22"
2014-02-05,"24.175,27"
2014-02-04,"24.574,26"
2014-02-03,"24.673,89"
2014-01-31,"25.207,56"
2014-01-30,"24.947,81"
2014-01-29,"25.112,51"
2014-01-28,"25.222,57"
2014-01-27,"24.964,12"
2014-01-24,"25.013,49"
2014-01-23,"25.260,56"
2014-01-22,"25.659,04"
2014-01-21,"25.417,08"
2014-01-20,"25.489,83"
2014-01-17,"25.778,03"
2014-01-16,"25.926,27"
2014-01-15,"25.976,53"
2014-01-14,"25.640,82"
2014-01-13,"25.403,21"
2014-01-10,"25.597,80"
2014-01-09,"25.457,68"
2014-01-08,"25.854,02"
2014-01-07,"26.014,96"
2014-01-06,"26.448,07"
2014-01-03,"26.348,26"
2014-01-02,"25.616,86"
2013-12-30,"26.250,84"
2013-12-27,"26.301,71"
2013-12-26,"26.389,37"
2013-12-23,"26.547,94"
2013-12-20,"26.650,53"
2013-12-19,"26.805,27"
2013-12-18,"26.321,00"
2013-12-17,"26.047,15"
2013-12-16,"25.974,70"
2013-12-13,"26.141,73"
2013-12-12,"26.201,35"
2013-12-11,"26.075,64"
2013-12-10,"26.380,09"
2013-12-09,"26.512,00"
2013-12-06,"26.407,90"
2013-12-05,"26.179,70"
2013-12-04,"26.071,34"
2013-12-03,"26.341,21"
2013-12-02,"26.790,72"
2013-11-29,"27.027,65"
2013-11-28,"26.646,84"
2013-11-27,"26.814,29"
2013-11-26,"26.806,23"
2013-11-25,"26.951,21"
2013-11-22,"26.846,16"
2013-11-21,"26.788,33"
2013-11-19,"26.750,19"
2013-11-18,"27.420,84"
2013-11-14,"27.057,26"
2013-11-13,"26.447,64"
2013-11-12,"26.257,88"
2013-11-11,"26.262,64"
2013-11-08,"26.205,37"
2013-11-07,"26.371,47"
2013-11-06,"26.583,19"
2013-11-05,"27.067,29"
2013-11-04,"27.518,76"
2013-11-01,"27.540,65"
2013-10-31,"27.821,26"
2013-10-30,"27.607,19"
2013-10-29,"27.640,35"
2013-10-28,"27.780,11"
2013-10-25,"27.422,28"
2013-10-24,"27.617,82"
2013-10-23,"27.909,50"
2013-10-22,"28.121,12"
2013-10-21,"27.812,25"
2013-10-18,"27.809,69"
2013-10-17,"27.579,62"
2013-10-16,"27.583,95"
2013-10-15,"27.563,81"
2013-10-14,"27.496,09"
2013-10-11,"27.245,48"
2013-10-10,"27.174,89"
2013-10-09,"26.795,19"
2013-10-08,"26.757,82"
2013-10-07,"26.851,40"
2013-10-04,"26.897,50"
2013-10-03,"26.998,41"
2013-10-02,"27.120,22"
2013-10-01,"27.041,07"
2013-09-30,"27.037,79"
2013-09-27,"27.186,76"
2013-09-26,"27.022,45"
2013-09-25,"27.211,24"
2013-09-24,"27.261,34"
2013-09-23,"27.105,30"
2013-09-20,"26.809,51"
2013-09-19,"27.132,95"
2013-09-18,"27.375,96"
2013-09-17,"27.230,03"
2013-09-16,"27.074,18"
2013-09-13,"26.904,28"
2013-09-12,"26.799,65"
2013-09-11,"27.064,62"
2013-09-10,"27.175,50"
2013-09-09,"27.329,78"
2013-09-06,"26.918,68"
2013-09-05,"26.584,81"
2013-09-04,"26.086,06"
2013-09-03,"25.753,18"
2013-09-02,"25.736,11"
2013-08-30,"25.316,00"
2013-08-29,"25.267,41"
2013-08-28,"25.220,74"
2013-08-27,"25.245,14"
2013-08-26,"25.424,73"
2013-08-23,"25.707,79"
2013-08-22,"25.606,28"
2013-08-21,"25.367,57"
2013-08-20,"25.401,85"
2013-08-19,"25.604,29"
2013-08-16,"25.821,93"
2013-08-15,"25.792,43"
2013-08-14,"26.150,97"
2013-08-13,"26.217,42"
2013-08-12,"26.112,28"
2013-08-09,"26.013,16"
2013-08-08,"25.954,62"
2013-08-07,"25.566,07"
2013-08-06,"25.357,78"
2013-08-05,"25.822,56"
2013-08-02,"25.667,97"
2013-08-01,"26.012,96"
2013-07-31,"25.929,81"
2013-07-30,"26.083,71"
2013-07-29,"26.314,58"
2013-07-26,"26.325,31"
2013-07-25,"26.312,65"
2013-07-24,"25.894,25"
2013-07-23,"26.101,19"
2013-07-22,"25.862,82"
2013-07-19,"25.544,93"
2013-07-18,"25.668,31"
2013-07-17,"25.474,68"
2013-07-16,"25.413,50"
2013-07-15,"25.529,65"
2013-07-12,"25.341,60"
2013-07-11,"25.760,67"
2013-07-10,"25.305,42"
2013-07-09,"25.018,42"
2013-07-08,"25.018,42"
2013-07-05,"24.929,11"
2013-07-04,"24.933,30"
2013-07-03,"24.507,11"
2013-07-02,"24.735,67"
2013-07-01,"25.393,10"
2013-06-28,"25.407,33"
2013-06-27,"25.268,00"
2013-06-26,"24.924,01"
2013-06-25,"24.949,93"
2013-06-24,"24.546,98"
2013-06-21,"24.760,74"
2013-06-20,"25.817,19"
2013-06-19,"26.097,46"
2013-06-18,"26.735,50"
2013-06-17,"26.640,54"
2013-06-14,"26.520,53"
2013-06-13,"26.968,28"
2013-06-12,"26.418,92"
2013-06-11,"26.813,87"
2013-06-10,"27.486,79"
2013-06-07,"27.623,51"
2013-06-06,"28.129,47"
2013-06-05,"28.243,46"
2013-06-04,"28.631,49"
2013-06-03,"28.697,33"
2013-05-31,"28.523,67"
2013-05-29,"29.054,04"
2013-05-28,"29.611,84"
2013-05-27,"29.571,38"
2013-05-24,"29.712,79"
2013-05-23,"29.664,06"
2013-05-22,"29.624,13"
2013-05-21,"29.201,78"
2013-05-20,"28.672,27"
2013-05-17,"28.502,41"
2013-05-16,"28.493,12"
2013-05-15,"28.241,86"
2013-05-14,"27.958,18"
2013-05-13,"27.917,53"
2013-05-10,"28.073,70"
2013-05-09,"28.083,09"
2013-05-08,"28.049,01"
2013-05-07,"28.121,47"
2013-05-06,"27.989,32"
2013-05-03,"28.147,95"
2013-05-02,"28.042,32"
2013-04-30,"28.241,68"
2013-04-29,"27.570,63"
2013-04-26,"27.472,17"
2013-04-25,"27.825,75"
2013-04-24,"27.932,91"
2013-04-23,"28.074,81"
2013-04-22,"27.703,68"
2013-04-19,"27.832,68"
2013-04-18,"27.606,21"
2013-04-17,"27.478,58"
2013-04-16,"27.715,61"
2013-04-15,"27.295,68"
2013-04-12,"27.820,67"
2013-04-11,"27.998,13"
2013-04-10,"28.299,25"
2013-04-09,"28.137,56"
2013-04-08,"27.961,96"
2013-04-05,"27.899,46"
2013-04-04,"27.407,14"
2013-04-03,"27.646,54"
2013-04-02,"27.455,25"
2013-04-01,"27.739,43"
2013-03-28,"27.750,56"
2013-03-27,"27.208,18"
2013-03-26,"26.989,71"
2013-03-25,"26.505,73"
2013-03-22,"26.610,10"
2013-03-21,"26.705,79"
2013-03-20,"26.911,25"
2013-03-19,"27.876,06"
2013-03-18,"28.092,82"
2013-03-15,"28.089,20"
2013-03-14,"28.115,14"
2013-03-13,"28.352,90"
2013-03-12,"28.459,96"
2013-03-11,"28.393,35"
2013-03-08,"28.341,02"
2013-03-07,"28.510,36"
2013-03-06,"27.675,04"
2013-03-05,"27.031,84"
2013-03-04,"27.163,17"
2013-03-01,"27.180,12"
2013-02-28,"27.487,21"
2013-02-27,"27.485,23"
2013-02-26,"27.538,88"
2013-02-25,"27.221,22"
2013-02-22,"26.928,64"
2013-02-21,"26.780,32"
2013-02-20,"26.937,05"
2013-02-19,"27.259,26"
2013-02-18,"27.357,66"
2013-02-15,"27.453,64"
2013-02-14,"27.510,51"
2013-02-13,"27.341,75"
2013-02-08,"27.291,54"
2013-02-07,"27.566,23"
2013-02-06,"27.713,65"
2013-02-05,"27.901,34"
2013-02-04,"27.896,35"
2013-02-01,"28.049,06"
2013-01-31,"27.800,07"
2013-01-30,"27.440,53"
2013-01-29,"27.728,30"
2013-01-28,"27.903,57"
2013-01-24,"28.420,14"
2013-01-23,"28.756,73"
2013-01-22,"28.740,35"
2013-01-21,"28.739,13"
2013-01-18,"28.428,89"
2013-01-17,"28.292,57"
2013-01-16,"27.969,98"
2013-01-15,"27.836,51"
2013-01-14,"27.833,70"
2013-01-11,"27.750,14"
2013-01-10,"27.705,04"
2013-01-09,"27.530,57"
2013-01-08,"26.875,05"
2013-01-07,"27.657,39"
2013-01-04,"28.364,26"
2013-01-03,"29.037,76"
2013-01-02,"29.278,49"
2012-12-28,"28.792,84"
2012-12-27,"28.422,92"
2012-12-26,"28.392,79"
2012-12-21,"28.223,43"
2012-12-20,"27.907,36"
2012-12-19,"27.974,03"
2012-12-18,"27.977,83"
2012-12-17,"27.960,59"
2012-12-14,"27.920,87"
2012-12-13,"27.948,44"
2012-12-12,"28.002,55"
2012-12-11,"27.935,39"
2012-12-10,"27.522,54"
2012-12-07,"27.458,01"
2012-12-06,"27.306,68"
2012-12-05,"27.116,33"
2012-12-04,"27.524,18"
2012-12-03,"27.521,29"
2012-11-30,"27.412,32"
2012-11-29,"27.055,30"
2012-11-28,"27.026,59"
2012-11-27,"26.612,31"
2012-11-26,"26.778,74"
2012-11-23,"26.812,25"
2012-11-22,"26.429,63"
2012-11-21,"26.525,79"
2012-11-19,"27.044,70"
2012-11-16,"27.264,57"
2012-11-14,"27.307,33"
2012-11-13,"27.650,85"
2012-11-12,"27.296,71"
2012-11-09,"27.951,07"
2012-11-08,"28.248,16"
2012-11-07,"28.691,81"
2012-11-06,"28.926,83"
2012-11-05,"29.015,85"
2012-11-01,"29.455,40"
2012-10-31,"28.716,33"
2012-10-30,"28.780,18"
2012-10-29,"28.710,49"
2012-10-26,"28.735,22"
2012-10-25,"28.771,31"
2012-10-24,"28.526,73"
2012-10-23,"28.627,05"
2012-10-22,"28.926,69"
2012-10-19,"29.071,03"
2012-10-18,"29.081,78"
2012-10-17,"29.214,65"
2012-10-16,"29.331,81"
2012-10-15,"29.110,13"
2012-10-11,"28.774,26"
2012-10-10,"28.548,34"
2012-10-09,"28.977,87"
2012-10-08,"29.030,22"
2012-10-05,"29.066,16"
2012-10-04,"28.942,86"
2012-10-03,"29.422,12"
2012-10-02,"29.828,41"
2012-10-01,"29.957,13"
2012-09-28,"30.091,23"
2012-09-27,"30.305,18"
2012-09-26,"30.418,98"
2012-09-25,"30.415,13"
2012-09-24,"30.359,13"
2012-09-21,"30.414,40"
2012-09-20,"30.253,93"
2012-09-19,"30.485,98"
2012-09-18,"30.776,68"
2012-09-17,"30.376,57"
2012-09-14,"29.937,97"
2012-09-13,"29.731,38"
2012-09-12,"28.962,29"
2012-09-11,"31.539,91"
2012-09-10,"32.666,33"
2012-09-06,"33.244,99"
2012-09-05,"33.155,95"
2012-09-04,"32.921,10"
2012-09-03,"33.092,95"
2012-08-31,"32.805,89"
2012-08-30,"34.259,32"
2012-08-29,"34.888,78"
2012-08-28,"35.243,26"
2012-08-27,"35.139,99"
2012-08-24,"35.247,71"
2012-08-23,"35.169,97"
2012-08-22,"35.519,94"
2012-08-21,"35.442,11"
2012-08-20,"35.595,07"
2012-08-17,"35.600,17"
2012-08-16,"35.938,32"
2012-08-15,"35.588,18"
2012-08-14,"35.456,93"
2012-08-13,"35.555,73"
2012-08-10,"35.536,09"
2012-08-09,"35.271,85"
2012-08-08,"35.161,56"
2012-08-07,"34.835,85"
2012-08-06,"34.872,92"
2012-08-03,"34.646,85"
2012-08-02,"34.435,53"
2012-08-01,"34.932,40"
2012-07-31,"34.741,56"
2012-07-30,"35.205,75"
2012-07-27,"35.024,98"
2012-07-26,"34.630,71"
2012-07-25,"34.000,24"
2012-07-24,"33.806,41"
2012-07-23,"33.843,52"
2012-07-20,"33.942,64"
2012-07-19,"34.423,32"
2012-07-18,"34.328,69"
2012-07-17,"34.408,88"
2012-07-16,"34.008,84"
2012-07-13,"34.107,31"
2012-07-12,"34.035,01"
2012-07-11,"33.930,05"
2012-07-10,"34.062,41"
2012-07-06,"34.547,99"
2012-07-05,"34.979,17"
2012-07-04,"34.831,06"
2012-07-03,"34.854,62"
2012-07-02,"35.336,79"
2012-06-29,"35.416,28"
2012-06-28,"35.252,21"
2012-06-27,"34.944,27"
2012-06-26,"34.764,52"
2012-06-25,"34.754,70"
2012-06-22,"34.560,76"
2012-06-21,"34.871,14"
2012-06-20,"35.133,69"
2012-06-19,"35.225,10"
2012-06-18,"35.129,94"
2012-06-15,"35.053,88"
2012-06-14,"34.929,47"
2012-06-13,"35.048,96"
2012-06-12,"35.119,80"
2012-06-11,"34.514,02"
2012-06-08,"34.593,91"
2012-06-06,"34.244,55"
2012-06-05,"33.633,53"
2012-06-04,"33.996,81"
2012-06-01,"33.701,02"
2012-05-31,"33.733,82"
2012-05-30,"33.304,68"
2012-05-29,"33.608,03"
2012-05-28,"34.124,97"
2012-05-25,"33.678,92"
2012-05-24,"33.809,25"
2012-05-23,"34.113,17"
2012-05-22,"34.358,78"
2012-05-21,"34.470,77"
2012-05-18,"34.631,23"
2012-05-17,"34.636,18"
2012-05-16,"35.309,04"
2012-05-15,"34.873,70"
2012-05-14,"35.319,90"
2012-05-11,"36.391,25"
2012-05-10,"36.382,24"
2012-05-09,"35.999,03"
2012-05-08,"36.042,40"
2012-05-07,"36.191,54"
2012-05-04,"35.885,56"
2012-05-03,"35.861,05"
2012-05-02,"35.980,69"
2012-04-30,"35.826,64"
2012-04-27,"35.633,61"
2012-04-26,"35.495,78"
2012-04-25,"35.448,81"
2012-04-24,"35.329,24"
2012-04-23,"35.048,74"
2012-04-20,"35.058,40"
2012-04-19,"34.981,30"
2012-04-18,"35.006,59"
2012-04-17,"34.791,26"
2012-04-16,"34.763,73"
2012-04-13,"34.725,84"
2012-04-12,"34.934,31"
2012-04-11,"34.849,73"
2012-04-10,"35.260,94"
2012-04-09,"35.377,89"
2012-04-05,"35.436,93"
2012-04-04,"35.295,31"
2012-04-03,"35.486,62"
2012-04-02,"35.767,08"
2012-03-30,"35.281,68"
2012-03-29,"35.075,33"
2012-03-28,"35.143,53"
2012-03-27,"35.452,89"
2012-03-26,"35.360,04"
2012-03-23,"34.945,05"
2012-03-22,"35.010,42"
2012-03-21,"35.207,55"
2012-03-20,"35.252,84"
2012-03-19,"35.143,62"
2012-03-16,"35.054,33"
2012-03-15,"35.314,40"
2012-03-14,"35.527,26"
2012-03-13,"35.449,26"
2012-03-12,"35.036,17"
2012-03-09,"34.987,32"
2012-03-08,"34.625,83"
2012-03-07,"34.634,13"
2012-03-06,"34.507,19"
2012-03-05,"34.791,58"
2012-03-02,"34.605,12"
2012-03-01,"34.438,15"
2012-02-29,"34.328,25"
2012-02-28,"34.116,08"
2012-02-27,"33.840,08"
2012-02-24,"33.904,37"
2012-02-23,"33.729,77"
2012-02-22,"33.824,02"
2012-02-17,"33.651,19"
2012-02-16,"33.514,27"
2012-02-15,"33.324,43"
2012-02-14,"33.022,97"
2012-02-13,"33.150,75"
2012-02-10,"32.972,56"
2012-02-09,"32.742,63"
2012-02-08,"32.648,26"
2012-02-07,"32.522,71"
2012-02-06,"32.161,02"
2012-02-03,"32.316,12"
2012-02-02,"32.352,10"
2012-02-01,"32.459,32"
2012-01-31,"32.415,76"
2012-01-30,"32.275,52"
2012-01-27,"32.154,85"
2012-01-26,"32.263,86"
2012-01-24,"32.173,68"
2012-01-23,"32.160,67"
2012-01-20,"32.446,19"
2012-01-19,"32.410,96"
2012-01-18,"32.532,55"
2012-01-17,"32.459,03"
2012-01-16,"32.534,87"
2012-01-13,"32.569,37"
2012-01-12,"32.633,50"
2012-01-11,"32.534,18"
2012-01-10,"32.693,14"
2012-01-09,"33.051,63"
2012-01-06,"32.738,73"
2012-01-05,"32.626,65"
2012-01-04,"32.690,43"
2012-01-03,"32.285,98"
2012-01-02,"32.559,04"
2011-12-29,"32.613,71"
2011-12-28,"32.538,59"
2011-12-27,"32.827,66"
2011-12-26,"32.785,85"
2011-12-23,"32.612,85"
2011-12-22,"32.015,95"
2011-12-21,"31.844,33"
2011-12-20,"31.903,01"
2011-12-19,"31.449,10"
2011-12-16,"31.471,04"
2011-12-15,"31.434,79"
2011-12-14,"31.325,45"
2011-12-13,"31.063,13"
2011-12-12,"30.921,93"
2011-12-09,"30.772,91"
2011-12-08,"30.596,39"
2011-12-07,"30.541,56"
2011-12-06,"30.754,12"
2011-12-05,"30.205,34"
2011-12-02,"29.651,16"
2011-12-01,"29.846,49"
2011-11-30,"29.793,38"
2011-11-29,"29.312,64"
2011-11-28,"29.432,83"
2011-11-25,"29.132,03"
2011-11-24,"28.929,16"
2011-11-23,"28.835,52"
2011-11-22,"28.985,65"
2011-11-21,"28.918,60"
2011-11-18,"28.865,46"
2011-11-17,"28.811,01"
2011-11-16,"29.366,14"
2011-11-14,"29.126,59"
2011-11-11,"29.298,32"
2011-11-10,"28.995,10"
2011-11-09,"28.920,72"
2011-11-08,"29.269,43"
2011-11-07,"29.519,58"
2011-11-04,"29.280,32"
2011-11-03,"29.102,80"
2011-11-01,"28.682,17"
2011-10-31,"28.857,80"
2011-10-28,"28.833,55"
2011-10-27,"28.765,84"
2011-10-26,"28.604,72"
2011-10-25,"28.116,56"
2011-10-24,"28.342,95"
2011-10-21,"28.184,55"
2011-10-20,"27.869,13"
2011-10-19,"28.004,05"
2011-10-18,"28.124,04"
2011-10-17,"27.703,70"
2011-10-14,"27.910,32"
2011-10-13,"27.850,49"
2011-10-11,"27.593,46"
2011-10-10,"27.533,30"
2011-10-07,"26.864,70"
2011-10-06,"27.239,66"
2011-10-05,"27.179,37"
2011-10-04,"27.114,24"
2011-10-03,"27.568,70"
2011-09-30,"27.810,66"
2011-09-29,"27.902,96"
2011-09-28,"27.868,78"
2011-09-27,"27.667,42"
2011-09-26,"27.747,96"
2011-09-23,"27.823,43"
2011-09-22,"28.157,46"
2011-09-21,"29.162,96"
2011-09-20,"29.012,03"
2011-09-19,"28.843,90"
2011-09-16,"28.857,71"
2011-09-15,"28.512,26"
2011-09-14,"28.439,27"
2011-09-13,"28.353,25"
2011-09-12,"28.400,32"
2011-09-09,"28.413,28"
2011-09-08,"28.788,48"
2011-09-06,"28.645,99"
2011-09-05,"28.096,14"
2011-09-02,"28.315,82"
2011-09-01,"28.453,21"
2011-08-31,"28.195,12"
2011-08-30,"27.587,74"
2011-08-29,"27.498,45"
2011-08-26,"27.170,28"
2011-08-25,"26.866,31"
2011-08-24,"27.010,54"
2011-08-23,"27.164,64"
2011-08-22,"27.155,01"
2011-08-19,"27.076,73"
2011-08-18,"27.541,86"
2011-08-17,"27.745,57"
2011-08-16,"27.698,87"
2011-08-15,"27.371,09"
2011-08-12,"26.858,41"
2011-08-11,"27.238,61"
2011-08-10,"27.110,22"
2011-08-09,"26.948,67"
2011-08-08,"26.515,37"
2011-08-05,"27.926,70"
2011-08-04,"28.033,90"
2011-08-03,"28.852,24"
2011-08-02,"29.194,64"
2011-08-01,"29.353,19"
2011-07-29,"29.463,11"
2011-07-28,"29.245,32"
2011-07-27,"29.081,37"
2011-07-26,"29.485,91"
2011-07-25,"29.521,26"
2011-07-22,"29.543,60"
2011-07-21,"29.293,30"
2011-07-20,"29.187,50"
2011-07-19,"29.270,26"
2011-07-18,"29.425,76"
2011-07-15,"29.536,78"
2011-07-14,"29.660,01"
2011-07-13,"29.673,60"
2011-07-12,"29.504,24"
2011-07-11,"29.511,17"
2011-07-08,"29.854,84"
2011-07-07,"29.817,88"
2011-07-06,"30.000,30"
2011-07-05,"30.107,05"
2011-07-04,"30.055,29"
2011-07-01,"29.981,07"
2011-06-30,"30.073,77"
2011-06-29,"30.060,98"
2011-06-28,"29.947,21"
2011-06-27,"29.817,58"
2011-06-24,"29.896,84"
2011-06-22,"29.589,67"
2011-06-21,"29.793,86"
2011-06-20,"29.601,46"
2011-06-17,"29.518,01"
2011-06-16,"29.419,92"
2011-06-15,"29.155,46"
2011-06-14,"29.145,33"
2011-06-13,"29.139,29"
2011-06-10,"29.333,64"
2011-06-09,"29.498,86"
2011-06-08,"29.482,10"
2011-06-07,"29.667,39"
2011-06-06,"29.861,18"
2011-06-03,"30.069,53"
2011-06-02,"29.856,50"
2011-06-01,"29.543,63"
2011-05-31,"29.795,77"
2011-05-30,"29.510,64"
2011-05-27,"29.614,52"
2011-05-26,"29.688,69"
2011-05-25,"29.806,59"
2011-05-24,"29.792,43"
2011-05-23,"29.724,72"
2011-05-20,"29.918,08"
2011-05-19,"29.818,01"
2011-05-18,"29.700,64"
2011-05-17,"29.711,78"
2011-05-16,"29.822,93"
2011-05-13,"29.835,49"
2011-05-12,"29.924,47"
2011-05-11,"29.751,63"
2011-05-10,"29.980,42"
2011-05-09,"30.026,02"
2011-05-06,"29.942,64"
2011-05-05,"29.492,44"
2011-05-04,"29.237,59"
2011-05-03,"29.120,98"
2011-05-02,"29.284,35"
2011-04-29,"29.581,66"
2011-04-28,"29.587,81"
2011-04-27,"29.629,88"
2011-04-26,"29.659,69"
2011-04-25,"29.747,14"
2011-04-20,"29.816,20"
2011-04-19,"29.788,20"
2011-04-18,"29.680,79"
2011-04-15,"29.584,60"
2011-04-14,"29.572,76"
2011-04-13,"29.557,38"
2011-04-12,"29.509,44"
2011-04-11,"29.713,04"
2011-04-08,"29.901,84"
2011-04-07,"30.073,86"
2011-04-06,"30.280,31"
2011-04-05,"30.483,39"
2011-04-04,"30.423,35"
2011-04-01,"30.274,87"
2011-03-31,"29.892,13"
2011-03-30,"29.776,77"
2011-03-29,"29.223,47"
2011-03-28,"28.970,04"
2011-03-25,"29.156,24"
2011-03-24,"28.894,16"
2011-03-23,"28.873,84"
2011-03-22,"28.854,84"
2011-03-21,"28.427,10"
2011-03-18,"28.427,27"
2011-03-17,"28.352,94"
2011-03-16,"28.321,65"
2011-03-15,"28.855,23"
2011-03-14,"29.068,41"
2011-03-11,"28.889,83"
2011-03-10,"28.547,82"
2011-03-09,"28.811,02"
2011-03-04,"28.672,67"
2011-03-03,"28.508,34"
2011-03-02,"28.268,10"
2011-03-01,"28.012,02"
2011-02-28,"28.124,74"
2011-02-25,"27.707,66"
2011-02-24,"27.752,94"
2011-02-23,"27.648,47"
2011-02-22,"27.737,15"
2011-02-21,"27.869,10"
2011-02-18,"27.811,45"
2011-02-17,"27.682,80"
2011-02-16,"27.697,32"
2011-02-15,"27.236,99"
2011-02-14,"27.279,19"
2011-02-11,"27.345,28"
2011-02-10,"27.256,16"
2011-02-09,"27.172,91"
2011-02-08,"27.497,50"
2011-02-07,"27.320,40"
2011-02-04,"27.192,43"
2011-02-03,"27.450,78"
2011-02-02,"27.360,23"
2011-02-01,"27.591,52"
2011-01-31,"27.394,62"
2011-01-28,"27.148,43"
2011-01-27,"27.567,97"
2011-01-26,"27.806,85"
2011-01-24,"28.006,12"
2011-01-21,"27.903,57"
2011-01-20,"28.067,24"
2011-01-19,"28.005,18"
2011-01-18,"28.204,91"
2011-01-17,"28.289,63"
2011-01-14,"28.401,45"
2011-01-13,"28.234,94"
2011-01-12,"28.080,36"
2011-01-11,"27.728,60"
2011-01-10,"27.684,75"
2011-01-07,"27.791,92"
2011-01-06,"27.783,24"
2011-01-05,"27.886,78"
2011-01-04,"27.558,11"
2011-01-03,"27.446,40"
2010-12-30,"27.242,57"
2010-12-29,"27.088,05"
2010-12-28,"26.854,74"
2010-12-27,"26.720,81"
2010-12-23,"26.883,75"
2010-12-22,"26.758,81"
2010-12-21,"26.881,67"
2010-12-20,"26.857,19"
2010-12-17,"26.804,46"
2010-12-16,"26.611,07"
2010-12-15,"26.650,89"
2010-12-14,"26.796,47"
2010-12-13,"26.962,02"
2010-12-10,"26.948,38"
2010-12-09,"26.857,21"
2010-12-08,"27.059,66"
2010-12-07,"27.114,70"
2010-12-06,"27.253,66"
2010-12-03,"27.533,01"
2010-12-02,"27.144,33"
2010-12-01,"27.025,09"
2010-11-30,"26.677,46"
2010-11-29,"26.519,64"
2010-11-26,"26.613,19"
2010-11-25,"26.764,09"
2010-11-24,"26.911,52"
2010-11-23,"26.547,63"
2010-11-22,"26.632,54"
2010-11-19,"26.947,05"
2010-11-18,"26.742,87"
2010-11-17,"26.474,70"
2010-11-16,"26.184,37"
2010-11-12,"26.335,93"
2010-11-11,"26.506,98"
2010-11-10,"26.789,96"
2010-11-09,"26.809,33"
2010-11-08,"26.792,65"
2010-11-05,"26.589,07"
2010-11-04,"26.702,82"
2010-11-03,"26.579,18"
2010-11-01,"26.654,31"
2010-10-29,"26.473,24"
2010-10-28,"26.408,57"
2010-10-27,"26.571,45"
2010-10-26,"26.795,96"
2010-10-25,"26.355,22"
2010-10-22,"26.443,56"
2010-10-21,"26.766,70"
2010-10-20,"26.640,00"
2010-10-19,"26.477,21"
2010-10-18,"26.644,58"
2010-10-15,"26.841,70"
2010-10-14,"26.784,53"
2010-10-13,"26.873,32"
2010-10-11,"26.649,62"
2010-10-08,"26.391,38"
2010-10-07,"26.212,54"
2010-10-06,"26.371,73"
2010-10-05,"26.343,33"
2010-10-04,"26.021,46"
2010-10-01,"25.670,57"
2010-09-30,"25.497,24"
2010-09-29,"25.337,00"
2010-09-28,"25.425,09"
2010-09-27,"25.351,39"
2010-09-24,"25.311,54"
2010-09-23,"25.620,27"
2010-09-22,"25.742,29"
2010-09-21,"25.629,26"
2010-09-20,"25.644,34"
2010-09-17,"25.592,71"
2010-09-16,"25.760,78"
2010-09-15,"25.920,60"
2010-09-14,"25.680,49"
2010-09-13,"25.576,00"
2010-09-10,"25.410,43"
2010-09-09,"25.248,92"
2010-09-08,"25.372,10"
2010-09-06,"25.865,34"
2010-09-03,"25.790,68"
2010-09-02,"25.871,00"
2010-09-01,"26.017,41"
2010-08-31,"25.738,70"
2010-08-30,"26.052,97"
2010-08-27,"26.098,16"
2010-08-26,"25.767,24"
2010-08-25,"25.741,53"
2010-08-24,"25.805,75"
2010-08-23,"25.678,76"
2010-08-20,"25.923,88"
2010-08-19,"25.811,70"
2010-08-18,"25.801,90"
2010-08-17,"25.320,94"
2010-08-16,"25.298,93"
2010-08-13,"24.945,65"
2010-08-12,"25.001,45"
2010-08-11,"24.936,11"
2010-08-10,"25.084,39"
2010-08-09,"25.028,96"
2010-08-06,"25.249,67"
2010-08-05,"25.225,90"
2010-08-04,"25.052,01"
2010-08-03,"24.986,76"
2010-08-02,"25.068,65"
2010-07-30,"24.870,22"
2010-07-29,"24.636,66"
2010-07-28,"24.456,91"
2010-07-27,"24.477,86"
2010-07-26,"24.562,68"
2010-07-23,"24.459,06"
2010-07-22,"24.284,43"
2010-07-21,"23.904,72"
2010-07-20,"23.880,63"
2010-07-19,"23.858,72"
2010-07-16,"23.728,05"
2010-07-15,"23.902,68"
2010-07-14,"23.877,42"
2010-07-13,"24.272,84"
2010-07-12,"24.021,66"
2010-07-08,"24.197,00"
2010-07-07,"24.357,02"
2010-07-06,"24.358,15"
2010-07-05,"24.121,23"
2010-07-02,"24.045,52"
2010-07-01,"23.904,07"
2010-06-30,"24.080,73"
2010-06-29,"24.190,29"
2010-06-28,"24.462,80"
2010-06-25,"24.336,44"
2010-06-24,"23.997,45"
2010-06-23,"24.088,55"
2010-06-22,"24.105,03"
2010-06-21,"23.981,95"
2010-06-18,"23.924,80"
2010-06-17,"23.779,02"
2010-06-16,"23.774,33"
2010-06-15,"23.674,56"
2010-06-14,"23.392,04"
2010-06-11,"23.239,98"
2010-06-10,"23.144,56"
2010-06-09,"23.074,10"
2010-06-08,"23.083,49"
2010-06-07,"22.972,88"
2010-06-04,"22.813,60"
2010-06-02,"22.658,82"
2010-06-01,"22.403,79"
2010-05-31,"22.838,16"
2010-05-28,"22.582,93"
2010-05-27,"22.693,06"
2010-05-26,"22.491,82"
2010-05-25,"22.111,03"
2010-05-24,"22.364,02"
2010-05-21,"22.289,36"
2010-05-20,"22.045,42"
2010-05-19,"22.587,55"
2010-05-18,"22.893,27"
2010-05-17,"23.230,90"
2010-05-14,"23.195,67"
2010-05-13,"23.538,51"
2010-05-12,"23.599,48"
2010-05-11,"23.341,83"
2010-05-10,"23.788,02"
2010-05-07,"23.286,17"
2010-05-06,"23.425,76"
2010-05-05,"23.877,10"
2010-05-04,"23.935,05"
2010-05-03,"24.274,33"
2010-04-30,"24.233,19"
2010-04-29,"24.175,67"
2010-04-28,"23.994,05"
2010-04-27,"23.946,56"
2010-04-26,"24.204,47"
2010-04-23,"24.162,77"
2010-04-22,"24.048,88"
2010-04-20,"23.945,11"
2010-04-19,"24.020,59"
2010-04-16,"24.040,14"
2010-04-15,"24.138,25"
2010-04-14,"24.284,60"
2010-04-13,"24.108,87"
2010-04-12,"24.014,77"
2010-04-09,"24.128,61"
2010-04-08,"24.286,14"
2010-04-07,"24.226,41"
2010-04-06,"24.336,15"
2010-04-05,"24.353,27"
2010-04-01,"24.291,77"
2010-03-31,"24.220,61"
2010-03-30,"24.424,42"
2010-03-29,"24.476,78"
2010-03-26,"24.479,69"
2010-03-25,"24.410,06"
2010-03-24,"24.462,86"
2010-03-23,"24.718,86"
2010-03-22,"24.723,20"
2010-03-19,"24.752,45"
2010-03-18,"24.819,63"
2010-03-17,"24.871,39"
2010-03-16,"24.787,04"
2010-03-15,"24.612,68"
2010-03-12,"24.597,61"
2010-03-11,"24.937,93"
2010-03-10,"24.966,32"
2010-03-09,"24.832,42"
2010-03-08,"24.597,39"
2010-03-05,"24.682,34"
2010-03-04,"24.545,14"
2010-03-03,"24.662,10"
2010-03-02,"24.770,57"
2010-03-01,"24.657,17"
2010-02-26,"24.437,80"
2010-02-25,"24.337,92"
2010-02-24,"24.230,07"
2010-02-23,"24.297,44"
2010-02-22,"24.470,89"
2010-02-19,"24.474,72"
2010-02-18,"24.746,17"
2010-02-17,"24.659,56"
2010-02-12,"24.465,42"
2010-02-11,"24.558,50"
2010-02-10,"24.374,34"
2010-02-09,"24.259,73"
2010-02-08,"24.048,32"
2010-02-05,"23.753,28"
2010-02-04,"23.887,98"
2010-02-03,"24.335,30"
2010-02-02,"24.325,62"
2010-02-01,"24.407,99"
2010-01-29,"24.304,52"
2010-01-28,"24.087,84"
2010-01-27,"24.248,23"
2010-01-26,"24.300,36"
2010-01-22,"24.020,33"
2010-01-21,"23.774,38"
2010-01-20,"24.017,73"
2010-01-19,"24.342,15"
2010-01-18,"24.170,35"
2010-01-15,"24.329,05"
2010-01-14,"24.581,89"
2010-01-13,"24.867,38"
2010-01-12,"24.857,80"
2010-01-11,"24.743,46"
2010-01-08,"24.649,72"
2010-01-07,"24.636,47"
2010-01-06,"24.574,42"
2010-01-05,"24.601,36"
2010-01-04,"24.590,60"
